CTUID,Geography,Total  Highest certificate diploma or degree,  No certificate diploma or degree,  Secondary (high) school diploma or equivalency certificate,  Apprenticeship or trades certificate or diploma,  College CEGEP or other nonuniversity certificate or diploma,  University certificate or diploma below bachelor level,  University certificate diploma or degree at bachelor level or above,    Bachelor's degree,    University certificate diploma or degree above bachelor level
5350001,0001.00 (5350001.00)   00000 (  0.8%),505,25,100,15,100,0,260,185,75
5350002,0002.00 (5350002.00)   00101 (  7.4%),600,45,170,15,75,15,285,160,125
5350003,0003.00 (5350003.00)   02100 (  0.9%),420,35,45,0,105,0,235,160,75
5350004,0004.00 (5350004.00)   00101 (  5.3%),5710,1070,1530,405,1075,125,1490,1065,430
5350005,0005.00 (5350005.00)   00001 (  6.6%),5525,845,1210,260,1085,140,1985,1440,545
5350007.01,0007.01 (5350007.01)   00001 (  8.4%),2840,405,600,120,665,100,955,670,285
5350007.02,0007.02 (5350007.02)   00101 (  5.4%),4090,690,1145,250,700,80,1235,875,355
5350008.01,0008.01 (5350008.01)   00000 (  4.7%),7335,100,800,110,1280,190,4850,3420,1430
5350008.02,0008.02 (5350008.02)   00000 (  3.8%),9235,360,1230,240,1720,200,5485,3780,1705
5350009,0009.00 (5350009.00)   03101 (  9.2%),260,30,75,15,60,15,70,55,15
5350010.01,0010.01 (5350010.01)   00001 (  5.7%),4730,270,720,145,760,110,2730,1940,790
5350010.02,0010.02 (5350010.02)   00100 (  6.0%),6830,520,975,225,1070,145,3895,2645,1245
5350011,0011.00 (5350011.00)   00101 (  8.1%),16935,335,1900,155,1600,365,12575,8530,4045
5350012.01,0012.01 (5350012.01)   00101 (  5.1%),10845,370,1780,195,1490,255,6750,4635,2110
5350012.03,0012.03 (5350012.03)   00101 (  6.1%),8275,145,935,100,905,175,6020,4075,1940
5350012.04,0012.04 (5350012.04)   00000 (  5.0%),4670,115,525,95,655,85,3200,1990,1210
5350013.01,0013.01 (5350013.01)   00001 (  7.0%),5985,180,735,115,635,195,4135,2650,1480
5350013.02,0013.02 (5350013.02)   00000 (  5.4%),7535,185,990,160,830,145,5220,2960,2260
5350014,0014.00 (5350014.00)   00111 ( 12.3%),1115,25,190,20,85,45,745,525,220
5350015,0015.00 (5350015.00)   00000 (  5.7%),3490,120,490,75,420,90,2295,1360,930
5350016,0016.00 (5350016.00)   00000 (  5.8%),9120,345,1240,195,1280,225,5840,3715,2125
5350017,0017.00 (5350017.00)   00000 (  5.4%),7140,540,1310,240,1275,220,3555,2255,1295
5350018,0018.00 (5350018.00)   00100 (  3.7%),2080,135,400,55,340,65,1085,725,365
5350019,0019.00 (5350019.00)   00100 (  2.4%),2665,555,605,85,520,70,830,565,270
5350020,0020.00 (5350020.00)   00000 (  3.2%),2005,110,320,35,285,60,1195,715,485
5350021,0021.00 (5350021.00)   00001 (  5.8%),4420,365,940,115,765,120,2120,1280,835
5350022,0022.00 (5350022.00)   00000 (  2.3%),3150,310,620,55,455,40,1675,1030,645
5350023,0023.00 (5350023.00)   00000 (  1.4%),2560,195,460,60,305,50,1485,880,610
5350024,0024.00 (5350024.00)   00000 (  4.2%),5485,470,1075,195,875,105,2765,1795,970
5350025,0025.00 (5350025.00)   00000 (  1.2%),2800,330,565,110,525,105,1160,810,350
5350026,0026.00 (5350026.00)   00001 (  6.2%),5325,855,1175,185,935,100,2085,1410,670
5350027,0027.00 (5350027.00)   00000 (  3.3%),3635,840,740,80,620,70,1280,780,505
5350028.01,0028.01 (5350028.01)   00000 (  0.9%),1150,60,205,10,195,25,645,415,230
5350028.02,0028.02 (5350028.02)   00000 (  4.9%),5060,710,905,100,735,85,2525,1735,795
5350029,0029.00 (5350029.00)   00000 (  2.6%),5790,1175,1280,205,895,140,2100,1445,650
5350030,0030.00 (5350030.00)   00101 (  6.5%),3830,530,920,115,565,80,1620,1100,515
5350031,0031.00 (5350031.00)   00101 (  6.9%),5215,1340,1410,150,655,180,1470,955,510
5350032,0032.00 (5350032.00)   01111 ( 10.4%),3980,585,1060,155,555,135,1490,970,520
5350033,0033.00 (5350033.00)   01101 (  8.2%),3925,745,1110,195,670,60,1140,790,350
5350034.01,0034.01 (5350034.01)   01201 (  7.5%),3910,145,800,55,375,105,2430,1415,1015
5350034.02,0034.02 (5350034.02)   00101 (  8.4%),4555,260,965,130,675,120,2405,1510,890
5350035,0035.00 (5350035.00)   00101 (  7.3%),9145,260,2180,85,650,150,5815,3115,2705
5350036,0036.00 (5350036.00)   00101 (  6.9%),5180,540,1045,115,620,125,2740,1740,1005
5350037,0037.00 (5350037.00)   00112 ( 10.5%),4005,375,1065,90,475,135,1865,1215,650
5350038,0038.00 (5350038.00)   00112 ( 11.3%),3285,680,1030,90,380,65,1045,645,395
5350039,0039.00 (5350039.00)   00101 (  6.1%),3675,1260,1065,175,385,50,740,475,270
5350040,0040.00 (5350040.00)   00101 (  9.9%),4010,1060,1060,110,430,70,1290,800,495
5350041,0041.00 (5350041.00)   00001 (  7.2%),3095,600,680,80,325,60,1350,785,565
5350042,0042.00 (5350042.00)   00101 (  4.1%),4020,745,825,110,555,55,1740,1065,670
5350043,0043.00 (5350043.00)   00101 (  4.5%),3365,720,715,80,440,45,1365,860,500
5350044,0044.00 (5350044.00)   00101 (  7.8%),7780,840,1410,225,1200,170,3935,2765,1175
5350045,0045.00 (5350045.00)   00101 (  6.7%),2895,685,570,120,360,20,1140,725,420
5350046,0046.00 (5350046.00)   00001 (  6.4%),2975,865,795,95,430,40,755,525,230
5350047.02,0047.02 (5350047.02)   00101 (  7.2%),3245,800,880,125,440,80,915,550,360
5350047.03,0047.03 (5350047.03)   00000 (  2.3%),680,85,145,10,95,10,340,185,155
5350047.04,0047.04 (5350047.04)   00100 (  4.2%),2375,315,475,75,360,75,1080,670,405
5350048,0048.00 (5350048.00)   00001 (  4.3%),2915,280,590,130,400,80,1435,970,465
5350049,0049.00 (5350049.00)   01000 (  4.9%),2575,200,475,55,355,70,1420,870,550
5350050.01,0050.01 (5350050.01)   00000 (  3.1%),7575,470,1145,215,1235,220,4290,2525,1765
5350050.03,0050.03 (5350050.03)   00001 (  6.6%),920,30,120,40,160,10,560,330,235
5350050.04,0050.04 (5350050.04)   00000 (  2.7%),4070,435,745,145,660,110,1975,1145,830
5350051,0051.00 (5350051.00)   00001 (  6.0%),4670,435,900,125,690,105,2410,1520,895
5350052,0052.00 (5350052.00)   00000 (  2.7%),3360,325,625,105,520,60,1715,1045,670
5350053,0053.00 (5350053.00)   00101 (  8.1%),5190,1190,1075,185,785,105,1865,1265,595
5350054,0054.00 (5350054.00)   00101 (  6.5%),5240,965,1055,200,805,110,2095,1320,775
5350055,0055.00 (5350055.00)   00001 (  7.1%),2325,275,380,60,335,40,1225,755,475
5350056,0056.00 (5350056.00)   00101 (  5.2%),4365,825,875,80,580,80,1930,1300,635
5350057,0057.00 (5350057.00)   00101 (  5.8%),2085,205,450,55,205,55,1110,675,440
5350058,0058.00 (5350058.00)   00101 (  6.5%),3715,500,700,100,420,60,1945,1080,865
5350059,0059.00 (5350059.00)   00101 (  9.3%),2945,310,590,80,275,70,1605,945,655
5350060,0060.00 (5350060.00)   00101 (  8.7%),2535,140,455,35,235,95,1585,875,715
5350061,0061.00 (5350061.00)   02311 ( 10.2%),690,70,140,45,85,15,330,155,175
5350062.01,0062.01 (5350062.01)   00101 (  6.0%),5045,115,940,55,380,120,3435,1700,1735
5350062.02,0062.02 (5350062.02)   00101 (  6.9%),8635,300,2430,90,485,235,5090,3035,2055
5350063.03,0063.03 (5350063.03)   00101 (  6.4%),4820,115,810,140,560,155,3035,1880,1150
5350063.04,0063.04 (5350063.04)   00101 (  6.9%),3020,210,640,105,515,105,1440,930,515
5350063.05,0063.05 (5350063.05)   00101 (  6.0%),4320,125,910,80,495,105,2610,1590,1015
5350063.06,0063.06 (5350063.06)   00101 (  6.1%),4985,255,890,175,760,175,2730,1705,1025
5350064,0064.00 (5350064.00)   00101 (  5.3%),3955,240,740,80,690,105,2100,1285,815
5350065.01,0065.01 (5350065.01)   00101 (  7.3%),2240,140,500,65,400,95,1045,735,310
5350065.02,0065.02 (5350065.02)   00001 (  7.9%),9880,1660,2570,485,1560,440,3165,1990,1175
5350066,0066.00 (5350066.00)   00100 (  4.8%),6575,505,1445,215,1115,225,3075,1885,1185
5350067,0067.00 (5350067.00)   00001 (  5.5%),1480,75,225,35,205,40,900,405,495
5350068,0068.00 (5350068.00)   00000 (  2.9%),2140,190,400,80,275,70,1125,630,495
5350069,0069.00 (5350069.00)   00000 (  3.6%),4045,535,825,105,440,70,2070,1245,825
5350070,0070.00 (5350070.00)   00100 (  4.0%),2905,195,550,60,395,55,1645,950,705
5350071,0071.00 (5350071.00)   00000 (  3.7%),2785,305,480,65,435,35,1470,835,635
5350072.01,0072.01 (5350072.01)   00000 (  4.4%),3655,795,820,175,545,75,1245,855,395
5350072.02,0072.02 (5350072.02)   00000 (  2.8%),2625,385,525,105,375,50,1185,695,495
5350073,0073.00 (5350073.00)   00000 (  4.0%),2255,545,580,60,295,75,700,475,230
5350074,0074.00 (5350074.00)   00001 (  4.9%),3245,610,880,130,475,75,1080,725,355
5350075,0075.00 (5350075.00)   00000 (  4.2%),3350,495,655,100,600,75,1420,910,515
5350076,0076.00 (5350076.00)   00000 (  2.8%),3755,690,720,140,615,60,1520,1020,510
5350077,0077.00 (5350077.00)   00000 (  2.2%),3555,405,780,155,615,60,1540,975,560
5350078,0078.00 (5350078.00)   00000 (  3.8%),4980,635,1085,170,895,115,2075,1385,685
5350079,0079.00 (5350079.00)   00000 (  2.9%),5665,565,1220,170,1035,125,2550,1660,890
5350080.01,0080.01 (5350080.01)   00000 (  3.7%),2810,405,600,100,505,75,1125,700,420
5350080.02,0080.02 (5350080.02)   00001 (  5.4%),3840,680,1005,210,720,105,1110,680,430
5350081,0081.00 (5350081.00)   00000 (  0.0%),2305,410,465,100,340,40,940,620,325
5350082,0082.00 (5350082.00)   00000 (  0.0%),2225,360,520,45,290,45,965,650,315
5350083,0083.00 (5350083.00)   00000 (  3.5%),3420,675,685,95,510,70,1385,825,565
5350084,0084.00 (5350084.00)   00000 (  2.9%),2970,325,535,85,405,75,1545,890,650
5350085,0085.00 (5350085.00)   00000 (  4.3%),3525,315,655,95,555,65,1835,1085,745
5350086,0086.00 (5350086.00)   00000 (  3.5%),2050,120,350,20,120,45,1400,705,695
5350087,0087.00 (5350087.00)   00101 (  5.9%),4555,220,735,105,415,115,2970,1460,1510
5350088,0088.00 (5350088.00)   00001 (  6.4%),2970,180,505,75,370,90,1745,920,825
5350089,0089.00 (5350089.00)   00101 (  6.5%),3505,100,640,30,295,85,2350,1310,1040
5350090,0090.00 (5350090.00)   00000 (  5.7%),3640,160,550,70,370,105,2385,1390,995
5350091.01,0091.01 (5350091.01)   01101 (  7.0%),4915,150,785,100,440,105,3340,1695,1650
5350091.02,0091.02 (5350091.02)   00101 (  8.1%),3210,255,535,70,450,105,1785,1075,710
5350092,0092.00 (5350092.00)   00101 (  5.0%),6345,320,905,135,695,105,4190,2295,1890
5350093,0093.00 (5350093.00)   00000 (  3.7%),4685,605,865,125,445,105,2535,1380,1160
5350094,0094.00 (5350094.00)   00000 (  3.1%),4215,845,875,165,595,90,1650,1065,585
5350095,0095.00 (5350095.00)   00101 (  7.6%),2875,550,680,85,390,40,1135,725,410
5350096.01,0096.01 (5350096.01)   00100 (  4.2%),1490,345,365,50,190,60,485,300,185
5350096.02,0096.02 (5350096.02)   00101 (  5.2%),2960,730,680,95,350,30,1080,720,360
5350097.01,0097.01 (5350097.01)   00101 (  6.3%),3435,635,845,185,425,75,1260,775,490
5350097.03,0097.03 (5350097.03)   00101 (  6.7%),1085,255,305,45,225,30,230,160,70
5350097.04,0097.04 (5350097.04)   00101 (  4.6%),4895,1220,1070,235,785,105,1485,1045,440
5350098,0098.00 (5350098.00)   00000 (  4.7%),6095,1300,1380,280,890,130,2115,1370,750
5350099,0099.00 (5350099.00)   00000 (  4.5%),5620,490,1010,180,875,135,2925,1790,1135
5350100,0100.00 (5350100.00)   00100 (  4.5%),2355,240,360,95,415,65,1185,705,485
5350101,0101.00 (5350101.00)   00001 (  6.3%),2810,265,500,110,430,45,1465,935,530
5350102.02,0102.02 (5350102.02)   00000 (  4.5%),3945,305,715,170,610,150,2000,1160,835
5350102.03,0102.03 (5350102.03)   00000 (  4.9%),3330,220,585,110,610,90,1720,1090,630
5350102.04,0102.04 (5350102.04)   00001 (  4.8%),505,40,75,0,100,10,280,145,135
5350102.05,0102.05 (5350102.05)   00001 (  7.0%),675,70,125,20,105,20,325,210,120
5350103,0103.00 (5350103.00)   00000 (  4.3%),4900,405,720,110,675,110,2880,1580,1305
5350104,0104.00 (5350104.00)   00000 (  4.1%),4470,430,675,90,545,50,2675,1485,1195
5350105,0105.00 (5350105.00)   00101 (  6.9%),3755,495,820,155,580,50,1660,1005,655
5350106,0106.00 (5350106.00)   00000 (  2.3%),3085,695,840,145,515,100,790,600,190
5350107,0107.00 (5350107.00)   00101 (  6.2%),4325,1475,1165,265,635,105,675,470,205
5350108,0108.00 (5350108.00)   00101 (  5.6%),5100,1630,1430,235,785,85,935,665,275
5350109,0109.00 (5350109.00)   00000 (  3.1%),4705,1225,1135,175,740,105,1320,930,395
5350110,0110.00 (5350110.00)   00101 (  4.8%),3165,785,775,190,410,80,925,655,265
5350111,0111.00 (5350111.00)   00101 (  6.4%),2125,800,570,110,310,35,300,205,95
5350112,0112.00 (5350112.00)   00001 (  6.1%),4585,1435,1070,335,570,80,1095,670,425
5350113,0113.00 (5350113.00)   00001 (  4.5%),2325,375,465,90,385,50,960,605,355
5350114,0114.00 (5350114.00)   00001 (  5.8%),4420,745,850,180,705,100,1840,1015,830
5350115,0115.00 (5350115.00)   00000 (  2.3%),3415,715,820,170,535,110,1060,665,395
5350116,0116.00 (5350116.00)   00000 (  4.8%),3545,400,620,75,470,110,1870,1090,780
5350117,0117.00 (5350117.00)   00001 (  6.5%),1930,105,285,20,225,25,1270,750,520
5350118,0118.00 (5350118.00)   00000 (  4.1%),3655,195,705,120,420,60,2165,1105,1060
5350119,0119.00 (5350119.00)   00000 (  4.0%),4060,195,705,75,520,80,2480,1455,1020
5350120,0120.00 (5350120.00)   00000 (  3.1%),1120,25,170,35,95,25,775,395,380
5350121,0121.00 (5350121.00)   00000 (  3.3%),2290,80,405,55,230,60,1465,700,760
5350122,0122.00 (5350122.00)   00000 (  3.7%),5575,260,890,125,710,200,3390,1915,1475
5350123,0123.00 (5350123.00)   00000 (  5.6%),2115,90,355,60,385,75,1150,715,435
5350124,0124.00 (5350124.00)   00000 (  5.5%),4845,240,815,100,625,175,2895,1550,1340
5350125,0125.00 (5350125.00)   00000 (  3.9%),3580,290,465,40,270,95,2420,1375,1045
5350126,0126.00 (5350126.00)   00000 (  3.4%),3355,250,500,75,425,85,2020,1215,805
5350127,0127.00 (5350127.00)   00000 (  2.2%),4345,335,795,80,595,90,2455,1350,1105
5350128.02,0128.02 (5350128.02)   00001 (  6.2%),7550,335,1150,185,1045,230,4605,2805,1790
5350128.04,0128.04 (5350128.04)   00000 (  5.6%),4200,215,665,110,675,115,2415,1410,1000
5350128.05,0128.05 (5350128.05)   01000 (  1.9%),575,20,105,10,65,15,365,210,150
5350128.06,0128.06 (5350128.06)   00000 (  4.4%),3860,170,615,110,640,125,2195,1370,825
5350129,0129.00 (5350129.00)   00000 (  3.1%),4775,255,650,100,560,125,3085,1800,1285
5350130,0130.00 (5350130.00)   00000 (  2.9%),2865,180,520,40,240,100,1785,975,805
5350131,0131.00 (5350131.00)   00000 (  2.4%),4640,395,735,60,495,130,2825,1425,1400
5350132,0132.00 (5350132.00)   00000 (  5.3%),4355,375,765,120,470,165,2455,1375,1080
5350133,0133.00 (5350133.00)   00000 (  5.3%),6260,505,1425,235,970,270,2860,1645,1220
5350134,0134.00 (5350134.00)   00000 (  4.8%),2280,150,300,35,195,50,1550,860,690
5350135,0135.00 (5350135.00)   00000 (  3.6%),5220,325,775,130,710,110,3175,1825,1350
5350136.01,0136.01 (5350136.01)   00000 (  4.9%),5685,405,1070,170,1020,160,2860,1885,970
5350136.02,0136.02 (5350136.02)   00001 (  5.0%),4685,350,870,125,725,135,2480,1585,890
5350137,0137.00 (5350137.00)   00000 (  3.5%),6080,440,990,165,845,155,3490,2150,1340
5350138,0138.00 (5350138.00)   00000 (  1.5%),2570,195,385,75,230,45,1645,920,720
5350139.01,0139.01 (5350139.01)   00000 (  1.8%),3465,215,490,65,405,120,2170,1190,980
5350139.02,0139.02 (5350139.02)   00000 (  3.3%),2120,205,340,30,145,50,1345,715,625
5350140,0140.00 (5350140.00)   00000 (  3.7%),1830,165,310,10,150,20,1175,620,560
5350141.01,0141.01 (5350141.01)   00000 (  2.7%),3375,275,505,85,345,100,2065,1250,815
5350141.02,0141.02 (5350141.02)   00000 (  0.4%),3495,285,595,65,330,65,2160,1345,815
5350142,0142.00 (5350142.00)   00000 (  1.9%),4410,315,650,105,460,110,2770,1550,1225
5350150,0150.00 (5350150.00)   00000 (  3.5%),3415,275,520,110,330,55,2120,1145,980
5350151,0151.00 (5350151.00)   00001 (  5.9%),2875,575,695,150,550,70,825,515,315
5350152,0152.00 (5350152.00)   00000 (  6.3%),3550,525,710,135,605,80,1490,975,520
5350153,0153.00 (5350153.00)   00001 (  6.5%),3765,1060,1055,230,655,105,655,515,140
5350154,0154.00 (5350154.00)   00000 (  4.0%),5465,1385,1465,400,975,110,1130,725,405
5350155,0155.00 (5350155.00)   00001 (  8.7%),2410,775,695,225,390,60,275,195,75
5350156.01,0156.01 (5350156.01)   00001 (  8.0%),4715,1710,1535,355,635,120,360,250,110
5350156.02,0156.02 (5350156.02)   00001 (  7.5%),2380,760,730,190,360,60,280,230,45
5350157,0157.00 (5350157.00)   00101 (  7.1%),2195,570,660,165,400,70,330,190,145
5350158,0158.00 (5350158.00)   00101 (  8.0%),2560,875,750,190,385,70,290,240,55
5350159.01,0159.01 (5350159.01)   00001 (  3.7%),2890,1205,790,145,345,50,345,250,90
5350159.02,0159.02 (5350159.02)   00000 (  5.2%),3985,1555,1130,195,545,85,470,350,125
5350160,0160.00 (5350160.00)   00000 (  4.2%),2495,1055,605,175,415,35,205,145,65
5350161,0161.00 (5350161.00)   00001 (  5.3%),5925,1870,1570,405,970,150,960,710,250
5350162,0162.00 (5350162.00)   00001 (  6.0%),4115,1250,1075,220,595,165,810,615,200
5350163,0163.00 (5350163.00)   00001 (  5.7%),3795,955,870,180,555,50,1200,715,480
5350164,0164.00 (5350164.00)   00100 (  2.6%),5150,1070,1130,250,795,125,1780,1105,680
5350165,0165.00 (5350165.00)   00000 (  4.5%),3605,355,710,110,445,115,1875,1070,800
5350166,0166.00 (5350166.00)   00000 (  4.1%),3380,255,550,65,440,90,1980,1070,910
5350167.01,0167.01 (5350167.01)   00000 (  4.9%),1790,115,350,45,250,60,965,500,465
5350167.02,0167.02 (5350167.02)   00000 (  4.0%),5085,525,960,200,1005,190,2200,1365,840
5350168,0168.00 (5350168.00)   00101 (  5.4%),4775,1180,1110,265,765,160,1300,845,450
5350169.01,0169.01 (5350169.01)   00001 (  6.7%),3015,620,860,170,575,140,650,495,155
5350169.02,0169.02 (5350169.02)   00000 (  5.3%),6410,880,1485,350,1060,240,2400,1600,800
5350170,0170.00 (5350170.00)   00001 (  5.8%),2935,1045,740,170,535,85,355,270,85
5350171,0171.00 (5350171.00)   00101 (  6.0%),3125,1035,910,230,485,95,370,275,95
5350172,0172.00 (5350172.00)   00101 (  8.0%),2125,575,600,240,405,65,240,165,75
5350173,0173.00 (5350173.00)   00101 (  9.7%),3030,860,945,220,480,110,415,255,160
5350174,0174.00 (5350174.00)   00001 (  6.2%),5645,1385,1785,310,1105,165,900,600,300
5350175.01,0175.01 (5350175.01)   00101 (  5.9%),4940,1415,1400,365,1020,75,660,480,180
5350175.02,0175.02 (5350175.02)   00101 (  7.6%),6240,1565,1835,435,1315,165,920,635,290
5350176,0176.00 (5350176.00)   00001 (  5.1%),3425,645,945,295,630,95,815,585,230
5350180,0180.00 (5350180.00)   00001 (  6.5%),5280,895,1410,230,1030,170,1550,985,565
5350181.01,0181.01 (5350181.01)   00000 (  4.6%),3680,550,880,125,705,65,1365,825,535
5350181.02,0181.02 (5350181.02)   00001 (  4.6%),3010,465,880,195,525,55,885,615,275
5350182,0182.00 (5350182.00)   00000 (  2.7%),4400,720,920,150,800,90,1725,1020,710
5350183.01,0183.01 (5350183.01)   00000 (  2.3%),2230,375,545,90,385,50,780,490,290
5350183.02,0183.02 (5350183.02)   00000 (  0.2%),3250,515,680,115,480,60,1400,965,430
5350184.01,0184.01 (5350184.01)   00000 (  4.7%),4175,890,900,205,690,140,1350,865,480
5350184.02,0184.02 (5350184.02)   00000 (  1.8%),3185,545,870,145,565,100,955,620,335
5350185.01,0185.01 (5350185.01)   00000 (  4.3%),5925,1045,1360,300,1060,115,2050,1305,740
5350185.02,0185.02 (5350185.02)   00000 (  4.5%),3950,620,935,185,645,105,1460,910,550
5350186,0186.00 (5350186.00)   00000 (  3.2%),1935,120,410,15,235,55,1105,605,495
5350187,0187.00 (5350187.00)   00000 (  0.9%),2910,510,660,140,525,110,965,655,310
5350188,0188.00 (5350188.00)   00000 (  2.2%),1645,290,400,105,290,50,520,400,115
5350189,0189.00 (5350189.00)   00000 (  3.7%),4540,970,1125,250,850,165,1170,755,410
5350190.01,0190.01 (5350190.01)   00000 (  5.4%),7250,1135,1650,250,1025,210,2985,1450,1535
5350190.02,0190.02 (5350190.02)   00000 (  3.6%),3835,705,1225,230,760,95,815,605,215
5350191,0191.00 (5350191.00)   00000 (  1.5%),3670,615,1015,190,795,75,980,680,305
5350192,0192.00 (5350192.00)   00000 (  1.2%),775,170,255,55,120,0,160,115,50
5350193,0193.00 (5350193.00)   00000 (  2.9%),2580,440,605,120,470,100,845,580,265
5350194.01,0194.01 (5350194.01)   00000 (  3.6%),3760,940,1050,70,320,95,1280,715,565
5350194.02,0194.02 (5350194.02)   00000 (  5.1%),4185,930,1105,125,575,130,1330,700,630
5350194.03,0194.03 (5350194.03)   00000 (  6.7%),2250,470,700,95,345,75,570,420,150
5350194.04,0194.04 (5350194.04)   00000 (  3.0%),5050,855,1160,115,830,200,1895,1295,605
5350195.01,0195.01 (5350195.01)   00000 (  4.4%),3510,380,670,65,455,85,1850,1100,755
5350195.02,0195.02 (5350195.02)   00000 (  2.8%),1860,150,265,20,255,85,1085,735,350
5350196.01,0196.01 (5350196.01)   00000 (  4.9%),1555,135,265,40,215,20,870,455,410
5350196.02,0196.02 (5350196.02)   00000 (  3.4%),4500,340,735,70,525,75,2760,1770,995
5350200.01,0200.01 (5350200.01)   00000 (  5.0%),5020,710,1240,315,960,170,1635,1050,585
5350200.02,0200.02 (5350200.02)   00001 (  6.2%),970,100,295,45,210,20,310,215,95
5350201,0201.00 (5350201.00)   00001 (  7.9%),4755,680,900,225,960,140,1850,1215,635
5350202,0202.00 (5350202.00)   00001 (  6.4%),1345,120,310,55,265,20,575,380,195
5350203,0203.00 (5350203.00)   00000 (  6.6%),2565,420,665,150,505,55,775,520,255
5350204,0204.00 (5350204.00)   00001 (  6.7%),3815,520,940,155,750,120,1330,920,415
5350206.01,0206.01 (5350206.01)   00000 (  3.7%),3590,575,975,195,685,105,1055,640,420
5350206.02,0206.02 (5350206.02)   00000 (  4.2%),5130,750,1365,260,1115,120,1530,1095,435
5350207,0207.00 (5350207.00)   00001 (  3.6%),2305,440,555,130,540,85,560,435,120
5350208,0208.00 (5350208.00)   00001 (  7.6%),3550,645,1010,180,735,90,900,635,265
5350209,0209.00 (5350209.00)   00001 (  7.0%),2285,510,655,120,520,45,430,270,155
5350210.01,0210.01 (5350210.01)   01000 (  2.7%),2225,400,480,110,430,45,755,480,280
5350210.02,0210.02 (5350210.02)   00000 (  5.3%),10665,625,1880,380,2225,335,5220,3435,1785
5350211,0211.00 (5350211.00)   00001 (  7.2%),5490,1190,1625,375,1045,140,1125,835,285
5350212,0212.00 (5350212.00)   00000 (  6.8%),4775,820,1335,310,1050,90,1170,820,345
5350213.01,0213.01 (5350213.01)   00000 (  2.0%),2290,350,500,115,425,55,845,510,335
5350213.02,0213.02 (5350213.02)   00000 (  3.8%),5280,330,890,150,1015,215,2690,1890,800
5350214,0214.00 (5350214.00)   00000 (  3.5%),4485,565,990,200,785,125,1825,1250,575
5350215,0215.00 (5350215.00)   00000 (  3.5%),5710,925,1315,310,1030,160,1970,1355,615
5350216,0216.00 (5350216.00)   00000 (  1.7%),4545,425,825,150,680,125,2340,1495,850
5350217,0217.00 (5350217.00)   00000 (  3.9%),4825,770,1285,235,985,135,1410,780,630
5350218,0218.00 (5350218.00)   00000 (  3.9%),2100,160,310,55,335,55,1185,635,555
5350219,0219.00 (5350219.00)   00000 (  3.6%),3665,450,825,120,600,85,1590,1075,510
5350220,0220.00 (5350220.00)   00000 (  1.8%),3575,435,915,180,660,70,1320,865,455
5350221.01,0221.01 (5350221.01)   00000 (  1.6%),5540,630,1340,230,995,130,2210,1525,680
5350221.02,0221.02 (5350221.02)   00000 (  3.7%),4150,665,1145,150,790,145,1255,855,395
5350222.01,0222.01 (5350222.01)   00000 (  5.1%),5630,630,1620,240,1060,185,1900,1345,550
5350222.02,0222.02 (5350222.02)   00001 (  6.9%),3890,670,985,285,565,105,1280,875,405
5350223.01,0223.01 (5350223.01)   00000 (  4.1%),1270,135,255,45,195,35,610,360,250
5350223.02,0223.02 (5350223.02)   00000 (  2.7%),1835,220,370,75,335,65,770,505,265
5350224,0224.00 (5350224.00)   00000 (  1.7%),1405,155,225,35,135,25,815,480,335
5350225.01,0225.01 (5350225.01)   00000 (  2.7%),4435,570,885,195,745,130,1915,1145,765
5350225.02,0225.02 (5350225.02)   00000 (  6.5%),8300,985,1930,370,1480,215,3310,2100,1210
5350226,0226.00 (5350226.00)   00000 (  6.0%),2500,200,430,50,365,90,1360,770,590
5350227,0227.00 (5350227.00)   00000 (  3.2%),1525,130,200,15,165,25,990,585,410
5350228,0228.00 (5350228.00)   00000 (  5.1%),2665,175,505,90,355,45,1495,885,610
5350229,0229.00 (5350229.00)   00000 (  3.8%),895,45,155,10,90,10,595,365,225
5350230.01,0230.01 (5350230.01)   00000 (  2.6%),2025,190,355,70,310,85,1020,565,450
5350230.02,0230.02 (5350230.02)   00001 (  7.2%),5545,1015,1545,330,940,100,1620,965,655
5350231,0231.00 (5350231.00)   00000 (  2.0%),5505,520,1275,215,805,140,2555,1630,930
5350232,0232.00 (5350232.00)   00000 (  1.5%),3170,330,625,75,415,95,1635,925,710
5350233,0233.00 (5350233.00)   00000 (  2.0%),4700,470,1145,165,730,155,2030,1350,675
5350234,0234.00 (5350234.00)   00000 (  2.2%),3660,560,885,105,730,95,1295,875,420
5350235.01,0235.01 (5350235.01)   00000 (  3.9%),2415,425,635,170,450,65,670,475,195
5350235.02,0235.02 (5350235.02)   00000 (  5.4%),4660,760,1390,265,950,85,1205,845,360
5350236.01,0236.01 (5350236.01)   00000 (  5.6%),5625,1065,1575,340,970,220,1455,955,495
5350236.02,0236.02 (5350236.02)   00000 (  2.4%),5160,695,1305,310,905,195,1750,1160,590
5350237.01,0237.01 (5350237.01)   00000 (  3.8%),5370,1105,1640,340,905,120,1255,890,360
5350237.02,0237.02 (5350237.02)   00000 (  3.2%),2500,545,695,160,360,65,680,465,220
5350237.03,0237.03 (5350237.03)   00000 (  4.0%),4905,970,1460,355,915,135,1075,735,345
5350238.01,0238.01 (5350238.01)   00000 (  1.5%),2960,315,710,120,425,85,1300,870,435
5350238.02,0238.02 (5350238.02)   00000 (  6.0%),4335,830,1300,245,755,100,1105,710,395
5350239,0239.00 (5350239.00)   00001 (  8.0%),5190,1000,1585,270,1020,170,1140,820,325
5350240.01,0240.01 (5350240.01)   00000 (  1.1%),2845,510,700,150,465,60,960,700,265
5350240.02,0240.02 (5350240.02)   00000 (  3.6%),5005,870,1270,330,915,230,1385,895,490
5350241,0241.00 (5350241.00)   00000 (  2.8%),2365,415,565,130,505,35,710,450,265
5350242,0242.00 (5350242.00)   00001 (  7.3%),1290,265,465,55,225,30,250,170,80
5350243.01,0243.01 (5350243.01)   00001 (  8.8%),5035,1510,1590,230,645,145,920,600,320
5350243.02,0243.02 (5350243.02)   00001 (  6.1%),3180,820,1030,145,530,95,560,405,155
5350244.01,0244.01 (5350244.01)   00001 (  6.2%),4735,1035,1660,340,865,120,710,535,170
5350244.02,0244.02 (5350244.02)   00000 (  8.3%),2910,835,955,135,515,50,420,285,135
5350245,0245.00 (5350245.00)   00001 (  6.0%),5690,1290,1800,400,1040,150,1015,765,245
5350246,0246.00 (5350246.00)   00000 (  5.6%),3035,675,875,185,585,115,605,415,190
5350247.01,0247.01 (5350247.01)   00000 (  6.5%),7275,1310,2070,340,1385,190,1980,1285,695
5350247.02,0247.02 (5350247.02)   00000 (  2.6%),6055,1275,1820,415,1045,145,1345,935,415
5350248.02,0248.02 (5350248.02)   00001 (  8.5%),4275,1310,1380,215,690,75,595,470,130
5350248.03,0248.03 (5350248.03)   00001 (  7.8%),2160,455,700,135,375,55,440,305,130
5350248.04,0248.04 (5350248.04)   00101 (  4.8%),4050,705,1360,145,845,140,845,605,240
5350248.05,0248.05 (5350248.05)   00101 (  6.5%),3580,1010,1025,200,585,130,630,485,150
5350249.01,0249.01 (5350249.01)   00000 (  5.1%),3830,1060,1320,205,620,50,585,375,210
5350249.03,0249.03 (5350249.03)   00000 (  3.5%),4720,1140,1535,190,785,150,930,630,300
5350249.04,0249.04 (5350249.04)   00000 (  2.6%),2870,930,765,170,365,45,595,385,205
5350249.05,0249.05 (5350249.05)   00000 (  2.5%),4225,1230,1180,155,435,85,1150,750,390
5350250.01,0250.01 (5350250.01)   00001 (  7.5%),4295,1180,1090,250,670,140,965,670,300
5350250.02,0250.02 (5350250.02)   00000 (  4.8%),4100,895,1250,325,770,145,720,510,210
5350250.04,0250.04 (5350250.04)   00111 ( 11.1%),4610,1135,1450,285,895,160,680,450,230
5350250.05,0250.05 (5350250.05)   00000 (  2.1%),5930,2215,1690,200,845,140,840,570,270
5350260.01,0260.01 (5350260.01)   00000 (  4.0%),5555,1080,1500,240,990,160,1585,1085,500
5350260.04,0260.04 (5350260.04)   00000 (  4.4%),3180,700,935,100,470,80,895,540,355
5350260.05,0260.05 (5350260.05)   00101 (  5.4%),2840,1040,905,85,330,55,430,245,190
5350260.06,0260.06 (5350260.06)   00000 (  2.4%),2650,460,650,90,405,150,895,650,250
5350260.07,0260.07 (5350260.07)   00000 (  3.1%),3315,545,860,135,555,105,1110,760,355
5350261,0261.00 (5350261.00)   00000 (  4.3%),4465,1060,1170,215,790,140,1100,805,295
5350262.01,0262.01 (5350262.01)   00000 (  3.5%),4890,845,1255,270,1185,125,1225,850,375
5350262.02,0262.02 (5350262.02)   00000 (  5.1%),5195,1030,1360,255,960,165,1435,975,460
5350263.02,0263.02 (5350263.02)   00000 (  4.5%),3030,280,680,145,465,100,1360,850,510
5350263.03,0263.03 (5350263.03)   00000 (  4.4%),3825,490,865,155,645,115,1555,1025,525
5350263.04,0263.04 (5350263.04)   00000 (  5.2%),5770,445,1410,245,1045,230,2390,1510,880
5350264,0264.00 (5350264.00)   00000 (  2.4%),1135,120,295,20,85,40,575,315,260
5350265,0265.00 (5350265.00)   00000 (  3.1%),3820,275,630,35,215,75,2585,1370,1210
5350266,0266.00 (5350266.00)   00000 (  3.5%),2790,220,575,50,210,100,1635,895,735
5350267,0267.00 (5350267.00)   00000 (  1.4%),5275,555,830,95,455,145,3205,1680,1520
5350268,0268.00 (5350268.00)   00000 (  2.7%),5495,540,1360,160,875,200,2360,1430,925
5350269.01,0269.01 (5350269.01)   00001 (  5.1%),4275,580,1195,215,875,165,1245,765,480
5350269.02,0269.02 (5350269.02)   00000 (  3.3%),2185,150,415,75,335,70,1140,710,435
5350270.01,0270.01 (5350270.01)   00001 (  5.2%),4240,535,1105,225,825,145,1405,905,500
5350270.02,0270.02 (5350270.02)   00000 (  2.9%),3335,495,930,145,600,125,1035,660,380
5350271.01,0271.01 (5350271.01)   00000 (  3.5%),2155,315,525,70,395,50,795,530,270
5350271.02,0271.02 (5350271.02)   00000 (  3.7%),3795,570,1070,165,675,145,1180,745,435
5350272.01,0272.01 (5350272.01)   00001 (  6.4%),4850,970,1385,225,875,190,1200,855,345
5350272.02,0272.02 (5350272.02)   00000 (  5.9%),4065,540,1035,190,715,170,1410,945,465
5350273.01,0273.01 (5350273.01)   00000 (  2.6%),3245,325,740,50,340,120,1680,880,800
5350273.02,0273.02 (5350273.02)   00000 (  1.5%),3565,350,650,50,400,140,1980,1095,885
5350274.01,0274.01 (5350274.01)   00000 (  3.5%),4010,430,860,90,525,150,1955,1035,915
5350274.02,0274.02 (5350274.02)   00001 (  5.3%),4225,340,880,90,560,190,2155,1200,960
5350275,0275.00 (5350275.00)   00000 (  3.9%),5035,495,995,145,495,110,2795,1720,1080
5350276.01,0276.01 (5350276.01)   00000 (  4.7%),5010,595,980,205,790,135,2310,1445,865
5350276.02,0276.02 (5350276.02)   00000 (  2.4%),5370,550,975,100,550,185,3015,1645,1370
5350277,0277.00 (5350277.00)   00000 (  3.5%),3145,340,860,80,315,45,1500,845,660
5350278,0278.00 (5350278.00)   00000 (  6.6%),5790,805,1420,230,815,180,2340,1420,915
5350279.01,0279.01 (5350279.01)   00000 (  4.3%),3510,865,915,225,530,105,870,530,350
5350279.02,0279.02 (5350279.02)   00000 (  5.1%),4960,1680,1465,340,650,120,695,475,215
5350280,0280.00 (5350280.00)   00000 (  5.1%),6035,1630,1760,435,1090,155,965,730,235
5350281.01,0281.01 (5350281.01)   00000 (  3.8%),5285,1670,1465,385,875,175,715,530,190
5350281.02,0281.02 (5350281.02)   00001 (  5.6%),3035,970,930,235,580,80,240,180,60
5350282,0282.00 (5350282.00)   00001 (  7.7%),3795,935,1145,300,720,90,605,475,130
5350283.01,0283.01 (5350283.01)   00011 ( 10.4%),4105,1275,1260,320,735,115,400,280,120
5350283.02,0283.02 (5350283.02)   00001 (  9.0%),3715,1275,1160,260,550,70,395,300,95
5350284,0284.00 (5350284.00)   00000 (  5.5%),5550,1485,1665,350,745,205,1110,905,205
5350285,0285.00 (5350285.00)   00001 (  7.9%),2815,920,710,185,460,75,475,410,60
5350286,0286.00 (5350286.00)   00000 (  4.2%),3595,890,1005,205,570,85,835,595,240
5350287.02,0287.02 (5350287.02)   00000 (  6.8%),4940,725,1330,295,745,235,1605,1110,500
5350287.03,0287.03 (5350287.03)   00000 (  2.2%),2605,640,795,140,445,90,490,335,160
5350287.04,0287.04 (5350287.04)   00000 (  5.3%),3750,500,800,175,630,210,1445,865,575
5350288,0288.00 (5350288.00)   00000 (  6.9%),8220,965,2050,395,1395,305,3110,2235,870
5350289,0289.00 (5350289.00)   00000 (  4.8%),3835,1150,950,275,635,85,740,595,150
5350290.01,0290.01 (5350290.01)   00001 (  9.2%),3115,840,890,165,730,105,380,300,80
5350290.02,0290.02 (5350290.02)   00001 (  6.7%),1440,250,360,110,315,25,380,275,105
5350291.02,0291.02 (5350291.02)   00001 (  6.9%),4030,1270,1185,245,665,95,565,420,145
5350291.03,0291.03 (5350291.03)   00000 (  4.9%),2025,575,585,230,310,60,250,165,90
5350291.04,0291.04 (5350291.04)   00000 (  2.1%),1395,440,375,80,225,25,240,180,60
5350292,0292.00 (5350292.00)   00001 (  6.2%),5435,1630,1675,345,910,155,725,545,175
5350293,0293.00 (5350293.00)   00001 (  9.4%),5175,1275,1490,390,870,160,990,745,245
5350294.01,0294.01 (5350294.01)   00001 (  6.1%),3610,1130,1150,260,535,130,415,305,105
5350294.02,0294.02 (5350294.02)   00000 (  5.3%),3815,1265,1210,225,635,105,375,305,65
5350295,0295.00 (5350295.00)   00001 (  7.0%),4325,1285,1180,290,680,130,765,545,220
5350296,0296.00 (5350296.00)   00909 (  2.4%),70,20,20,10,10,0,20,10,0
5350297.01,0297.01 (5350297.01)   00000 (  4.2%),6185,705,1465,305,995,240,2475,1515,960
5350297.02,0297.02 (5350297.02)   00000 (  6.6%),5440,770,1205,230,920,140,2180,1255,920
5350298,0298.00 (5350298.00)   00000 (  3.9%),3760,370,780,105,500,115,1895,1085,810
5350299.01,0299.01 (5350299.01)   00000 (  5.6%),5025,465,1075,110,700,150,2520,1545,975
5350299.02,0299.02 (5350299.02)   00001 (  6.1%),4865,220,890,80,580,160,2935,1770,1165
5350300,0300.00 (5350300.00)   00001 (  5.3%),12170,510,2010,210,1530,285,7635,4680,2950
5350301.01,0301.01 (5350301.01)   00000 (  6.6%),2430,185,505,100,395,70,1175,675,500
5350301.03,0301.03 (5350301.03)   00101 (  6.0%),5610,505,1070,160,805,230,2845,1740,1100
5350301.04,0301.04 (5350301.04)   00101 (  5.1%),5165,525,1190,165,720,210,2350,1565,785
5350302.01,0302.01 (5350302.01)   00000 (  4.1%),5510,815,1340,225,895,150,2085,1440,645
5350302.02,0302.02 (5350302.02)   00001 (  4.9%),5280,1000,1400,280,815,200,1590,995,595
5350302.03,0302.03 (5350302.03)   00000 (  2.2%),2965,535,750,90,495,145,950,655,290
5350303,0303.00 (5350303.00)   00000 (  6.4%),4375,625,1125,95,790,170,1570,1015,560
5350304.01,0304.01 (5350304.01)   00000 (  4.9%),3715,550,885,135,635,175,1345,900,445
5350304.02,0304.02 (5350304.02)   00000 (  2.6%),3950,285,795,135,505,170,2060,1185,875
5350304.03,0304.03 (5350304.03)   00000 (  1.3%),2475,350,585,60,430,80,970,645,325
5350304.04,0304.04 (5350304.04)   00000 (  6.1%),3055,295,710,140,510,180,1225,745,475
5350304.05,0304.05 (5350304.05)   00000 (  5.4%),2625,290,690,90,315,80,1160,690,465
5350304.06,0304.06 (5350304.06)   00000 (  2.7%),5045,465,1010,150,890,195,2330,1475,860
5350305.01,0305.01 (5350305.01)   00000 (  4.0%),3865,235,750,60,550,130,2140,1150,990
5350305.03,0305.03 (5350305.03)   00000 (  4.7%),4335,355,885,75,605,220,2200,1315,880
5350305.04,0305.04 (5350305.04)   00100 (  4.0%),8050,365,1455,165,1310,275,4475,2955,1525
5350306.01,0306.01 (5350306.01)   00001 (  6.3%),3995,475,920,80,560,95,1870,1160,710
5350306.02,0306.02 (5350306.02)   00001 (  7.0%),4025,320,860,75,360,205,2200,1335,870
5350307.03,0307.03 (5350307.03)   00101 (  5.9%),4520,410,1010,100,540,145,2310,1320,985
5350307.04,0307.04 (5350307.04)   00001 (  5.5%),6240,390,1085,120,745,250,3660,2230,1435
5350307.05,0307.05 (5350307.05)   00101 (  5.9%),3265,180,610,55,435,120,1860,1270,590
5350307.06,0307.06 (5350307.06)   00001 (  4.1%),4630,345,785,35,465,165,2845,1735,1110
5350307.07,0307.07 (5350307.07)   00101 (  3.1%),5480,475,1305,145,595,230,2730,1705,1025
5350308.02,0308.02 (5350308.02)   00000 (  4.2%),3645,415,765,125,545,105,1685,1040,645
5350308.03,0308.03 (5350308.03)   00000 (  2.2%),920,100,190,25,135,35,440,260,185
5350308.04,0308.04 (5350308.04)   00001 (  8.1%),10290,890,2175,265,1250,315,5385,3400,1985
5350309,0309.00 (5350309.00)   00000 (  2.4%),5365,750,1300,280,1040,260,1740,1285,455
5350310.01,0310.01 (5350310.01)   00000 (  2.6%),2855,375,670,115,410,95,1185,685,495
5350310.02,0310.02 (5350310.02)   00000 (  4.2%),4230,595,1255,185,720,150,1330,870,460
5350311.02,0311.02 (5350311.02)   00000 (  5.2%),4865,1415,1395,375,805,105,770,560,205
5350311.03,0311.03 (5350311.03)   00000 (  4.5%),2365,690,805,135,360,40,340,265,75
5350311.04,0311.04 (5350311.04)   00000 (  7.1%),5520,1635,1500,425,930,150,875,665,210
5350311.05,0311.05 (5350311.05)   00101 (  5.0%),5585,1015,1570,230,975,235,1565,1050,515
5350311.06,0311.06 (5350311.06)   00101 (  8.8%),5195,370,1705,175,700,235,2010,1365,645
5350312.02,0312.02 (5350312.02)   00001 (  7.3%),2630,1000,750,110,425,50,290,230,60
5350312.03,0312.03 (5350312.03)   00000 (  5.2%),5125,1670,1650,355,900,110,435,345,95
5350312.04,0312.04 (5350312.04)   00000 (  4.0%),4360,2145,1175,190,475,75,295,220,75
5350312.05,0312.05 (5350312.05)   00101 (  5.7%),2975,1150,920,190,480,60,180,120,50
5350312.06,0312.06 (5350312.06)   00000 (  5.6%),2790,1175,805,155,370,30,255,205,50
5350312.07,0312.07 (5350312.07)   00000 (  5.8%),2740,1160,690,175,365,60,290,180,110
5350313,0313.00 (5350313.00)   00001 (  7.0%),4585,1315,1365,325,865,80,625,450,180
5350314.01,0314.01 (5350314.01)   00000 (  4.2%),3855,1210,1055,235,690,60,605,400,205
5350314.02,0314.02 (5350314.02)   00001 (  7.9%),4150,1105,1405,255,555,100,720,520,200
5350315.01,0315.01 (5350315.01)   00000 (  5.2%),2880,1000,775,225,430,70,380,275,100
5350315.02,0315.02 (5350315.02)   00000 (  3.0%),2860,1115,795,130,370,60,390,235,160
5350315.03,0315.03 (5350315.03)   00000 (  5.9%),4520,1380,1425,270,705,70,675,495,185
5350316.01,0316.01 (5350316.01)   00000 (  7.0%),3265,1265,940,220,505,40,285,230,55
5350316.03,0316.03 (5350316.03)   00000 (  6.3%),4635,1850,1425,355,545,80,380,295,90
5350316.04,0316.04 (5350316.04)   00100 (  4.1%),3220,1240,1020,155,410,70,315,250,65
5350316.05,0316.05 (5350316.05)   00001 (  8.1%),3110,1200,925,205,470,70,245,210,35
5350316.06,0316.06 (5350316.06)   00000 (  6.1%),2740,865,885,150,425,80,340,255,80
5350317.02,0317.02 (5350317.02)   00000 (  4.4%),6590,795,1690,280,1180,310,2335,1400,935
5350317.03,0317.03 (5350317.03)   00000 (  3.9%),3165,280,670,90,435,90,1590,800,795
5350317.04,0317.04 (5350317.04)   00000 (  3.9%),5590,715,1385,185,985,240,2080,1235,840
5350317.05,0317.05 (5350317.05)   00000 (  5.4%),2010,200,495,85,380,110,735,465,280
5350318,0318.00 (5350318.00)   00101 (  5.4%),7635,820,1940,265,1055,340,3210,2085,1120
5350319,0319.00 (5350319.00)   00001 (  5.2%),3575,505,890,190,450,135,1410,845,570
5350320.01,0320.01 (5350320.01)   00000 (  5.1%),4350,495,1205,300,700,205,1440,875,560
5350320.02,0320.02 (5350320.02)   00000 (  4.3%),5275,635,1475,245,835,230,1860,1225,630
5350321.01,0321.01 (5350321.01)   00001 (  5.6%),3410,370,790,135,475,120,1530,995,535
5350321.02,0321.02 (5350321.02)   00000 (  4.7%),3510,380,840,130,440,115,1605,1110,500
5350322.01,0322.01 (5350322.01)   00101 (  4.5%),4305,350,875,70,560,180,2265,1420,850
5350322.02,0322.02 (5350322.02)   01001 (  5.9%),2720,390,500,70,335,95,1335,770,560
5350323.01,0323.01 (5350323.01)   00000 (  6.7%),3775,425,815,150,580,115,1690,1015,675
5350323.02,0323.02 (5350323.02)   00000 (  5.4%),4180,365,865,100,565,140,2140,1250,890
5350324.01,0324.01 (5350324.01)   00001 (  8.8%),3190,510,700,150,450,90,1290,800,485
5350324.02,0324.02 (5350324.02)   00000 (  0.0%),5415,675,1240,135,830,180,2360,1440,920
5350324.03,0324.03 (5350324.03)   00000 (  4.9%),3690,490,840,80,525,160,1590,965,620
5350324.05,0324.05 (5350324.05)   00000 (  0.9%),2900,385,680,75,420,100,1245,775,465
5350324.06,0324.06 (5350324.06)   00000 (  2.7%),2795,310,645,80,385,135,1250,785,460
5350330,0330.00 (5350330.00)   00000 (  5.8%),3615,480,865,240,735,80,1225,810,410
5350331.01,0331.01 (5350331.01)   00000 (  4.3%),4745,595,1365,290,855,150,1490,975,515
5350331.03,0331.03 (5350331.03)   00000 (  3.1%),4495,1210,1405,180,740,115,840,445,395
5350331.04,0331.04 (5350331.04)   00000 (  3.8%),2680,310,740,115,535,155,825,500,325
5350332,0332.00 (5350332.00)   00001 (  6.8%),5895,1440,1640,330,1020,195,1265,860,405
5350333,0333.00 (5350333.00)   00000 (  2.5%),3915,585,1255,200,755,80,1045,730,320
5350334,0334.00 (5350334.00)   00000 (  1.8%),2900,400,765,125,545,65,1000,660,335
5350335,0335.00 (5350335.00)   00000 (  4.5%),6435,1180,1910,270,1340,130,1600,1060,540
5350336,0336.00 (5350336.00)   00000 (  6.7%),5635,1090,1860,330,1055,165,1135,760,375
5350337.01,0337.01 (5350337.01)   00101 (  8.1%),590,150,220,35,75,35,80,60,15
5350337.02,0337.02 (5350337.02)   00000 (  4.2%),1565,270,515,75,315,30,360,250,110
5350338,0338.00 (5350338.00)   00000 (  2.6%),4955,755,1330,250,1060,135,1425,955,470
5350339,0339.00 (5350339.00)   00000 (  6.3%),5610,680,1310,205,1115,120,2180,1445,735
5350340,0340.00 (5350340.00)   00000 (  3.7%),5560,975,1555,280,990,170,1585,1010,575
5350341.02,0341.02 (5350341.02)   00100 (  5.2%),3545,685,1065,175,585,90,950,615,335
5350341.03,0341.03 (5350341.03)   00001 (  9.8%),2550,590,680,115,345,105,715,340,375
5350341.04,0341.04 (5350341.04)   00000 (  4.4%),4655,995,1270,185,780,125,1290,700,590
5350342,0342.00 (5350342.00)   00000 (  3.9%),6010,1175,1630,295,1085,135,1685,1145,550
5350343,0343.00 (5350343.00)   00000 (  4.9%),3515,910,1120,195,625,70,600,350,240
5350344.01,0344.01 (5350344.01)   00001 (  9.2%),4585,1005,1405,220,820,145,985,705,285
5350344.02,0344.02 (5350344.02)   00000 (  6.7%),2750,565,805,190,570,90,530,375,150
5350345,0345.00 (5350345.00)   00000 (  3.9%),3245,705,1000,195,565,155,630,410,220
5350346.01,0346.01 (5350346.01)   00000 (  3.2%),3755,715,1195,210,625,140,870,550,325
5350346.02,0346.02 (5350346.02)   00000 (  6.2%),4365,850,1245,240,755,170,1105,675,425
5350347,0347.00 (5350347.00)   00000 (  2.9%),2200,360,580,85,355,85,740,560,180
5350348,0348.00 (5350348.00)   00000 (  2.4%),4455,790,1280,235,875,130,1150,765,385
5350349,0349.00 (5350349.00)   00000 (  4.8%),4825,940,1475,350,885,160,1015,705,310
5350350,0350.00 (5350350.00)   00000 (  4.1%),4470,910,1315,285,835,170,945,680,270
5350351.01,0351.01 (5350351.01)   00000 (  3.9%),4690,1020,1425,220,925,105,990,690,305
5350351.02,0351.02 (5350351.02)   00000 (  5.9%),2245,515,590,115,430,95,500,295,200
5350352,0352.00 (5350352.00)   00101 (  2.2%),4355,885,1360,270,805,95,940,685,260
5350353.02,0353.02 (5350353.02)   00000 (  6.1%),4300,1130,1325,225,735,100,785,590,190
5350353.03,0353.03 (5350353.03)   00000 (  3.8%),2590,455,860,160,430,80,600,400,195
5350353.04,0353.04 (5350353.04)   00001 (  6.2%),3490,825,1125,150,510,95,780,550,235
5350354,0354.00 (5350354.00)   00000 (  6.0%),4460,825,1385,210,840,145,1055,755,300
5350355.02,0355.02 (5350355.02)   00000 (  4.6%),4420,900,1290,265,900,170,900,660,235
5350355.04,0355.04 (5350355.04)   00000 (  1.3%),4030,795,1260,230,805,75,865,605,260
5350355.05,0355.05 (5350355.05)   00111 ( 10.0%),2350,595,705,160,465,95,330,235,95
5350355.06,0355.06 (5350355.06)   00011 ( 10.2%),1205,345,405,55,205,15,175,130,45
5350356,0356.00 (5350356.00)   00000 (  5.2%),3895,715,1175,205,835,70,890,700,190
5350357.01,0357.01 (5350357.01)   00000 (  5.7%),5360,1650,1760,220,735,100,895,660,240
5350357.02,0357.02 (5350357.02)   00000 (  5.1%),3860,1010,1180,190,715,100,665,475,185
5350358.01,0358.01 (5350358.01)   00000 (  5.2%),2820,540,850,220,560,80,565,420,150
5350358.02,0358.02 (5350358.02)   00001 (  6.4%),3910,880,1180,250,875,120,610,410,200
5350358.03,0358.03 (5350358.03)   00000 (  4.9%),4600,1110,1265,265,925,80,960,730,235
5350359,0359.00 (5350359.00)   00000 (  4.7%),6025,1520,1785,355,1195,165,1005,635,370
5350360,0360.00 (5350360.00)   00000 (  4.6%),5035,935,1345,340,1075,160,1175,820,360
5350361.01,0361.01 (5350361.01)   00000 (  5.6%),4955,605,1300,155,950,165,1785,1225,560
5350361.02,0361.02 (5350361.02)   00000 (  3.4%),6235,685,1520,285,1290,185,2265,1695,570
5350362.01,0362.01 (5350362.01)   00000 (  6.1%),5215,775,1610,275,1175,200,1180,860,320
5350362.02,0362.02 (5350362.02)   00000 (  2.6%),4875,725,1390,265,910,175,1405,990,410
5350362.03,0362.03 (5350362.03)   00000 (  3.8%),6055,895,1810,305,1175,230,1650,1160,490
5350362.04,0362.04 (5350362.04)   00000 (  4.4%),4225,630,1410,235,1060,115,780,575,205
5350363.02,0363.02 (5350363.02)   00000 (  1.1%),2770,410,845,170,625,70,655,460,190
5350363.04,0363.04 (5350363.04)   00000 (  2.5%),3120,485,925,195,630,130,760,510,250
5350363.05,0363.05 (5350363.05)   00101 (  4.3%),3575,705,1140,170,720,70,775,535,240
5350363.06,0363.06 (5350363.06)   00000 (  5.8%),6245,695,1630,185,1305,215,2215,1575,650
5350363.07,0363.07 (5350363.07)   00100 (  5.6%),4285,960,1310,140,500,105,1270,860,420
5350364.01,0364.01 (5350364.01)   00000 (  3.2%),4810,865,1435,260,1085,140,1030,755,275
5350364.02,0364.02 (5350364.02)   00001 (  6.2%),2495,425,825,120,485,60,580,355,225
5350365,0365.00 (5350365.00)   00000 (  5.5%),5400,1045,1785,225,835,155,1350,930,420
5350366,0366.00 (5350366.00)   00001 (  8.0%),5090,1085,1640,245,895,155,1070,725,345
5350367.01,0367.01 (5350367.01)   00000 (  4.7%),3700,660,990,150,595,95,1210,835,375
5350367.02,0367.02 (5350367.02)   00000 (  4.1%),3075,600,885,175,625,80,710,470,240
5350368.01,0368.01 (5350368.01)   00101 (  6.8%),6240,580,1930,155,1070,180,2320,1745,575
5350368.02,0368.02 (5350368.02)   00000 (  5.8%),3320,685,975,190,510,100,865,660,200
5350369,0369.00 (5350369.00)   00000 (  3.4%),6305,1530,1995,245,1090,165,1270,795,480
5350370.01,0370.01 (5350370.01)   00000 (  4.8%),7940,1545,2225,355,1345,270,2205,1515,690
5350370.02,0370.02 (5350370.02)   00000 (  3.7%),4470,960,1265,230,745,155,1110,770,340
5350370.03,0370.03 (5350370.03)   00000 (  4.3%),3365,585,1140,175,660,115,690,515,170
5350371,0371.00 (5350371.00)   00000 (  3.4%),6240,1095,2070,410,1135,205,1325,975,350
5350372,0372.00 (5350372.00)   00000 (  3.6%),3830,690,1200,180,635,135,990,670,310
5350373,0373.00 (5350373.00)   00001 (  6.9%),3970,750,1180,220,670,115,1035,740,300
5350374.01,0374.01 (5350374.01)   00000 (  1.5%),4100,680,1005,185,690,210,1325,985,340
5350374.02,0374.02 (5350374.02)   00000 (  3.3%),2760,545,875,150,480,110,595,430,160
5350374.03,0374.03 (5350374.03)   00000 (  4.9%),3790,940,1135,135,565,120,905,690,210
5350375.01,0375.01 (5350375.01)   00000 (  2.8%),5450,1335,1530,270,925,155,1235,870,360
5350375.02,0375.02 (5350375.02)   00000 (  3.0%),1715,235,390,60,235,50,735,475,255
5350375.03,0375.03 (5350375.03)   00000 (  5.7%),4335,970,1230,175,720,110,1135,765,375
5350375.04,0375.04 (5350375.04)   00000 (  3.0%),4610,935,1245,125,880,130,1300,980,315
5350375.05,0375.05 (5350375.05)   00000 (  1.0%),5890,855,1530,240,1160,225,1880,1305,570
5350376.01,0376.01 (5350376.01)   00000 (  6.8%),4225,1100,1280,145,665,90,945,685,260
5350376.02,0376.02 (5350376.02)   00000 (  5.6%),4310,1165,1255,160,655,140,940,735,205
5350376.04,0376.04 (5350376.04)   00000 (  5.1%),4315,660,1185,115,755,175,1425,1085,340
5350376.05,0376.05 (5350376.05)   00000 (  2.5%),5955,1890,1845,130,640,125,1325,1010,315
5350376.06,0376.06 (5350376.06)   02000 (  1.2%),375,155,85,20,45,25,45,35,10
5350376.08,0376.08 (5350376.08)   00000 (  3.3%),5365,1185,1480,220,965,180,1340,900,440
5350376.09,0376.09 (5350376.09)   00000 (  3.8%),4210,945,1255,135,605,140,1125,820,305
5350376.11,0376.11 (5350376.11)   00000 (  2.0%),2870,660,920,90,425,95,685,470,210
5350376.12,0376.12 (5350376.12)   00000 (  2.1%),4670,830,1325,150,795,110,1460,980,485
5350376.13,0376.13 (5350376.13)   00000 (  3.5%),3470,725,1060,115,400,140,1025,725,295
5350376.14,0376.14 (5350376.14)   00000 (  5.2%),3175,750,885,105,450,80,905,675,230
5350376.15,0376.15 (5350376.15)   00000 (  4.0%),3400,620,865,120,485,100,1215,820,390
5350376.16,0376.16 (5350376.16)   00001 (  5.8%),3055,480,845,160,515,65,995,665,330
5350377.01,0377.01 (5350377.01)   00000 (  2.2%),7895,1365,2265,235,1240,235,2555,1825,730
5350377.02,0377.02 (5350377.02)   00000 (  1.7%),3855,860,1120,130,550,140,1055,795,260
5350377.03,0377.03 (5350377.03)   00000 (  4.3%),2420,530,655,105,320,120,690,510,180
5350377.04,0377.04 (5350377.04)   00000 (  3.0%),5125,1560,1540,160,645,155,1055,815,235
5350377.06,0377.06 (5350377.06)   00000 (  0.8%),3155,940,1040,65,360,70,675,540,135
5350377.07,0377.07 (5350377.07)   00000 (  4.3%),4015,1165,1190,100,595,90,880,695,185
5350378.02,0378.02 (5350378.02)   00001 (  5.5%),2800,635,805,120,405,80,745,570,170
5350378.03,0378.03 (5350378.03)   00000 (  3.8%),6270,1055,2060,240,1365,175,1390,1070,315
5350378.04,0378.04 (5350378.04)   00000 (  4.9%),4795,1015,1400,215,790,145,1240,870,370
5350378.05,0378.05 (5350378.05)   00000 (  4.8%),3165,555,1075,165,715,95,550,400,150
5350378.06,0378.06 (5350378.06)   00000 (  4.4%),4910,1260,1495,305,910,105,835,630,205
5350378.07,0378.07 (5350378.07)   00000 (  4.4%),5855,1170,1895,220,945,200,1420,1020,400
5350378.08,0378.08 (5350378.08)   00000 (  5.0%),5505,1470,1665,220,940,135,1070,835,240
5350378.11,0378.11 (5350378.11)   00000 (  5.3%),4750,1020,1500,240,790,135,1065,830,235
5350378.12,0378.12 (5350378.12)   00000 (  6.3%),4205,860,1410,295,950,120,565,440,125
5350378.14,0378.14 (5350378.14)   00000 (  4.3%),3245,745,1020,110,475,95,795,565,230
5350378.16,0378.16 (5350378.16)   00000 (  3.9%),5090,1045,1630,265,975,125,1050,800,245
5350378.17,0378.17 (5350378.17)   00000 (  5.5%),2690,525,1020,140,425,45,540,420,120
5350378.18,0378.18 (5350378.18)   00000 (  2.2%),2210,600,700,50,340,110,415,310,110
5350378.19,0378.19 (5350378.19)   00000 (  5.7%),4480,1080,1510,130,675,135,950,745,210
5350378.2,0378.20 (5350378.20)   00000 (  4.3%),1850,535,570,65,300,40,335,255,80
5350378.21,0378.21 (5350378.21)   00000 (  3.1%),3380,895,1150,120,420,85,720,645,80
5350378.22,0378.22 (5350378.22)   00000 (  3.0%),2910,970,870,60,320,75,615,480,135
5350378.23,0378.23 (5350378.23)   00000 (  4.3%),3620,960,945,115,510,105,980,730,250
5350378.24,0378.24 (5350378.24)   00000 (  6.1%),5085,1280,1625,175,645,150,1210,915,295
5350378.25,0378.25 (5350378.25)   00000 (  5.9%),6305,1420,2090,240,1030,215,1315,960,360
5350378.26,0378.26 (5350378.26)   00000 (  3.2%),3890,885,1205,160,730,110,800,625,170
5350378.27,0378.27 (5350378.27)   00000 (  4.1%),4620,905,1430,165,780,155,1185,885,300
5350378.28,0378.28 (5350378.28)   00000 (  4.2%),6020,1120,1995,275,1235,230,1170,895,280
5350400.02,0400.02 (5350400.02)   00000 (  1.0%),4955,550,1170,205,1045,90,1895,1350,545
5350400.03,0400.03 (5350400.03)   00000 (  3.6%),2580,400,670,95,395,70,945,670,275
5350400.04,0400.04 (5350400.04)   00000 (  0.7%),1610,165,420,80,300,20,620,445,175
5350400.06,0400.06 (5350400.06)   00000 (  5.2%),2555,250,750,95,575,60,825,615,215
5350400.07,0400.07 (5350400.07)   00000 (  5.5%),2715,345,645,140,570,70,945,705,235
5350400.08,0400.08 (5350400.08)   00001 (  7.1%),2400,480,610,140,470,60,630,380,255
5350400.11,0400.11 (5350400.11)   00000 (  1.1%),5305,1215,1640,115,795,190,1345,985,360
5350400.12,0400.12 (5350400.12)   00000 (  4.7%),6035,1130,1740,265,1045,150,1700,1200,505
5350400.13,0400.13 (5350400.13)   00000 (  5.3%),5370,1310,1790,110,725,90,1345,990,355
5350400.14,0400.14 (5350400.14)   00000 (  0.6%),5205,1265,1755,180,720,170,1125,880,250
5350400.15,0400.15 (5350400.15)   00000 (  1.7%),3840,410,985,125,755,95,1470,1005,465
5350400.16,0400.16 (5350400.16)   00000 (  0.0%),4430,745,1235,150,665,160,1485,1090,395
5350400.17,0400.17 (5350400.17)   00000 (  4.1%),3920,985,1300,170,535,85,835,580,255
5350400.18,0400.18 (5350400.18)   00000 (  2.9%),2040,640,610,80,300,45,360,290,75
5350400.19,0400.19 (5350400.19)   00000 (  3.0%),7295,975,1790,240,1215,190,2890,2190,695
5350400.2,0400.20 (5350400.20)   00000 (  4.7%),3325,475,890,65,540,95,1260,940,315
5350400.21,0400.21 (5350400.21)   00000 (  3.0%),1525,255,370,50,295,35,520,395,120
5350400.22,0400.22 (5350400.22)   00000 (  1.6%),7275,1300,1945,165,1160,190,2505,1750,760
5350400.23,0400.23 (5350400.23)   00000 (  3.8%),6880,1310,2115,120,1150,295,1895,1325,570
5350401.04,0401.04 (5350401.04)   00000 (  3.7%),2835,625,870,110,510,60,660,485,175
5350401.05,0401.05 (5350401.05)   00001 (  7.2%),2125,315,565,30,310,105,800,540,260
5350401.06,0401.06 (5350401.06)   00000 (  1.1%),4270,545,1010,95,635,120,1860,1185,670
5350401.07,0401.07 (5350401.07)   00000 (  4.3%),3310,415,910,70,420,105,1390,970,415
5350401.08,0401.08 (5350401.08)   00000 (  3.2%),2695,250,580,70,385,60,1350,840,505
5350401.09,0401.09 (5350401.09)   00000 (  3.1%),7285,985,1775,155,990,295,3090,2000,1095
5350401.1,0401.10 (5350401.10)   00000 (  3.3%),4075,575,885,120,605,85,1800,1230,570
5350401.11,0401.11 (5350401.11)   00000 (  1.3%),5785,1315,1665,180,1010,170,1450,1080,370
5350401.13,0401.13 (5350401.13)   00000 (  3.7%),5510,1775,1760,150,735,150,935,725,210
5350401.14,0401.14 (5350401.14)   00000 (  3.5%),6735,960,1770,150,1015,205,2630,1845,790
5350401.15,0401.15 (5350401.15)   00000 (  2.8%),2430,330,700,80,455,80,780,515,265
5350401.17,0401.17 (5350401.17)   00000 (  3.5%),3095,705,1045,85,415,85,755,550,210
5350401.18,0401.18 (5350401.18)   00000 (  6.6%),5470,610,1475,125,940,180,2140,1510,625
5350401.19,0401.19 (5350401.19)   00001 (  7.9%),5985,1995,1830,110,755,110,1190,960,225
5350401.2,0401.20 (5350401.20)   00000 (  3.4%),3765,1145,1240,110,435,90,750,630,125
5350401.21,0401.21 (5350401.21)   00000 (  4.2%),2550,745,845,55,330,60,510,410,110
5350401.22,0401.22 (5350401.22)   00000 (  2.7%),6920,1615,1970,170,945,205,2015,1490,525
5350401.23,0401.23 (5350401.23)   00000 (  2.0%),1640,270,470,70,270,65,500,300,200
5350402.01,0402.01 (5350402.01)   00000 (  5.3%),2070,190,465,70,360,95,895,550,340
5350402.02,0402.02 (5350402.02)   00000 (  3.3%),4735,460,1050,215,660,130,2210,1375,835
5350402.03,0402.03 (5350402.03)   00000 (  2.4%),2585,330,465,110,435,100,1155,655,500
5350402.04,0402.04 (5350402.04)   00000 (  4.1%),4390,365,940,115,595,200,2180,1375,810
5350402.05,0402.05 (5350402.05)   00000 (  1.4%),1780,180,405,55,185,70,880,550,330
5350402.06,0402.06 (5350402.06)   00000 (  1.3%),5240,775,1290,230,800,180,1970,1255,710
5350402.07,0402.07 (5350402.07)   00000 (  2.9%),1705,175,435,90,320,50,640,415,225
5350402.08,0402.08 (5350402.08)   00000 (  2.1%),5465,455,1250,155,715,215,2675,1695,985
5350402.09,0402.09 (5350402.09)   00000 (  3.5%),3245,315,830,130,555,120,1300,880,420
5350402.1,0402.10 (5350402.10)   00000 (  4.2%),3070,260,710,90,480,90,1440,980,460
5350402.12,0402.12 (5350402.12)   00000 (  5.6%),5380,640,1340,135,780,195,2290,1695,595
5350402.13,0402.13 (5350402.13)   00000 (  3.3%),4335,375,760,70,505,160,2465,1525,935
5350403.01,0403.01 (5350403.01)   00000 (  2.1%),6565,980,1790,135,890,195,2585,1835,755
5350403.04,0403.04 (5350403.04)   00000 (  3.1%),3525,510,825,65,440,125,1560,1175,390
5350403.05,0403.05 (5350403.05)   00000 (  2.9%),3235,315,685,95,365,90,1685,1125,560
5350403.07,0403.07 (5350403.07)   00000 (  3.0%),9470,1650,2275,200,1425,295,3620,2555,1060
5350403.09,0403.09 (5350403.09)   00000 (  1.9%),4175,750,1055,100,630,115,1535,1110,430
5350403.1,0403.10 (5350403.10)   00000 (  4.5%),4465,765,1165,45,705,115,1665,1185,480
5350403.11,0403.11 (5350403.11)   00000 (  2.8%),8295,1520,2150,200,1345,235,2845,2030,815
5350403.12,0403.12 (5350403.12)   00000 (  3.9%),7225,1255,1710,175,1000,250,2840,2110,725
5350403.13,0403.13 (5350403.13)   00000 (  4.0%),5120,670,1225,215,1035,165,1800,1320,480
5350403.14,0403.14 (5350403.14)   00000 (  1.9%),7885,1340,2165,225,1115,245,2780,2000,780
5350403.15,0403.15 (5350403.15)   00000 (  4.0%),9155,1130,2050,215,1375,295,4095,3000,1100
5350403.16,0403.16 (5350403.16)   00000 (  2.7%),3215,545,765,140,565,120,1080,820,260
5350410.02,0410.02 (5350410.02)   00000 (  0.7%),3850,505,965,170,770,130,1305,855,450
5350410.03,0410.03 (5350410.03)   00000 (  3.9%),6075,550,1320,170,840,160,3030,1895,1135
5350410.04,0410.04 (5350410.04)   00000 (  2.5%),3145,230,755,110,555,60,1430,885,545
5350410.05,0410.05 (5350410.05)   00000 (  1.8%),5310,525,1140,120,740,160,2620,1690,930
5350410.07,0410.07 (5350410.07)   00000 (  0.0%),3170,305,700,125,480,115,1440,885,555
5350410.09,0410.09 (5350410.09)   00000 (  5.9%),4485,445,940,180,880,170,1865,1170,695
5350410.1,0410.10 (5350410.10)   00000 (  4.1%),3515,395,835,150,525,130,1485,865,615
5350410.11,0410.11 (5350410.11)   00000 (  0.0%),3055,380,790,100,535,85,1165,625,535
5350410.12,0410.12 (5350410.12)   00000 (  5.9%),5835,625,1365,235,1085,245,2270,1310,965
5350410.13,0410.13 (5350410.13)   00000 (  2.6%),5895,570,1315,190,865,200,2755,1795,955
5350410.14,0410.14 (5350410.14)   00000 (  0.4%),5160,555,1065,195,955,230,2170,1375,790
5350410.15,0410.15 (5350410.15)   00000 (  4.0%),1720,310,515,95,285,55,465,310,160
5350411.01,0411.01 (5350411.01)   00000 (  4.9%),4635,875,1150,240,785,160,1430,995,435
5350411.04,0411.04 (5350411.04)   00000 (  5.7%),4950,1135,1355,370,1010,115,965,690,275
5350411.07,0411.07 (5350411.07)   00000 (  2.9%),3795,725,1045,325,690,50,960,715,245
5350411.08,0411.08 (5350411.08)   00000 (  5.4%),2005,325,595,115,365,50,560,405,155
5350411.09,0411.09 (5350411.09)   00000 (  3.4%),5135,725,1225,170,855,180,1980,1355,625
5350411.12,0411.12 (5350411.12)   00000 (  3.3%),4610,950,1290,315,930,105,1025,745,280
5350411.15,0411.15 (5350411.15)   00000 (  1.8%),3575,695,1100,225,655,100,805,555,250
5350411.16,0411.16 (5350411.16)   00000 (  5.9%),4855,740,1300,240,965,160,1450,970,490
5350411.17,0411.17 (5350411.17)   00000 (  5.3%),5500,550,1015,135,870,215,2720,1725,1000
5350411.18,0411.18 (5350411.18)   00000 (  4.1%),8195,1045,1705,330,1285,345,3490,2155,1335
5350411.19,0411.19 (5350411.19)   00000 (  4.2%),6085,550,1160,200,795,265,3115,1860,1255
5350411.21,0411.21 (5350411.21)   00000 (  6.6%),2030,360,645,75,355,45,545,365,180
5350411.22,0411.22 (5350411.22)   00000 (  4.9%),4535,935,1285,195,935,120,1060,775,290
5350411.23,0411.23 (5350411.23)   00000 (  2.1%),3890,1025,960,265,640,90,905,605,300
5350411.24,0411.24 (5350411.24)   00000 (  3.6%),5695,1255,1750,265,950,115,1375,945,435
5350411.25,0411.25 (5350411.25)   00000 (  3.2%),2665,625,755,115,505,40,625,430,190
5350411.26,0411.26 (5350411.26)   00000 (  3.4%),4165,815,1060,225,850,105,1115,715,400
5350411.27,0411.27 (5350411.27)   00000 (  2.0%),3340,685,1020,160,645,35,790,600,190
5350411.28,0411.28 (5350411.28)   00000 (  1.4%),3770,280,845,110,545,105,1885,1150,730
5350411.29,0411.29 (5350411.29)   00000 (  2.6%),3980,380,800,90,580,150,1980,1115,865
5350411.3,0411.30 (5350411.30)   00000 (  2.2%),5380,510,1005,165,750,215,2740,1640,1100
5350412.01,0412.01 (5350412.01)   00000 (  5.3%),5435,1495,1420,320,810,160,1225,850,380
5350412.02,0412.02 (5350412.02)   00001 (  6.1%),7495,1985,1890,600,1360,160,1495,1100,400
5350412.04,0412.04 (5350412.04)   00000 (  2.0%),3880,1015,975,255,625,140,875,660,210
5350412.06,0412.06 (5350412.06)   00000 (  3.8%),3065,925,765,235,555,50,535,355,185
5350412.08,0412.08 (5350412.08)   00000 (  3.4%),2300,770,635,195,365,30,305,230,75
5350412.1,0412.10 (5350412.10)   00000 (  3.3%),5135,1640,1415,360,800,115,815,595,220
5350412.11,0412.11 (5350412.11)   00000 (  5.2%),3850,805,1180,235,720,85,840,615,220
5350412.12,0412.12 (5350412.12)   00000 (  5.1%),3330,760,830,175,605,110,850,610,240
5350412.13,0412.13 (5350412.13)   00000 (  1.7%),3680,1210,895,285,565,80,655,545,110
5350412.14,0412.14 (5350412.14)   00000 (  2.9%),2945,560,755,205,455,70,905,620,285
5350412.15,0412.15 (5350412.15)   00000 (  4.5%),4625,905,1160,345,790,160,1265,910,350
5350412.18,0412.18 (5350412.18)   00000 (  1.8%),6560,1355,1790,375,1070,120,1850,1285,570
5350412.19,0412.19 (5350412.19)   00000 (  1.7%),7470,1510,2245,410,1345,120,1845,1370,475
5350412.2,0412.20 (5350412.20)   00000 (  2.9%),4485,940,1230,355,885,95,990,700,290
5350412.22,0412.22 (5350412.22)   00000 (  3.8%),6425,1280,1540,350,1360,165,1730,1235,495
5350412.24,0412.24 (5350412.24)   00000 (  4.4%),6445,1365,1720,295,1135,180,1750,1255,500
5350412.25,0412.25 (5350412.25)   00000 (  5.7%),4340,970,1215,195,675,95,1190,880,310
5350412.26,0412.26 (5350412.26)   00000 (  3.8%),4765,1070,1180,185,790,140,1395,990,410
5350413.01,0413.01 (5350413.01)   00000 (  5.1%),7345,1065,2065,370,1305,190,2355,1645,710
5350413.02,0413.02 (5350413.02)   00000 (  1.9%),9040,1505,2230,445,1685,250,2930,2005,925
5350420.03,0420.03 (5350420.03)   00001 (  7.8%),5580,865,1455,320,865,165,1915,1190,730
5350420.05,0420.05 (5350420.05)   00000 (  5.0%),6885,900,1635,215,945,240,2955,2040,915
5350420.06,0420.06 (5350420.06)   00000 (  3.0%),4545,570,1135,75,470,155,2145,1400,745
5350420.08,0420.08 (5350420.08)   00000 (  6.2%),3810,630,925,220,610,125,1305,885,420
5350420.09,0420.09 (5350420.09)   00000 (  6.1%),3970,620,1020,185,710,150,1285,795,490
5350420.1,0420.10 (5350420.10)   00000 (  0.4%),2980,395,745,35,275,100,1435,1000,435
5350420.11,0420.11 (5350420.11)   00000 (  4.2%),5305,475,1180,110,680,180,2675,1620,1055
5350420.13,0420.13 (5350420.13)   00000 (  2.8%),4530,390,910,135,705,150,2230,1555,670
5350420.14,0420.14 (5350420.14)   00000 (  3.9%),6015,620,1310,190,975,265,2650,1770,880
5350420.15,0420.15 (5350420.15)   00000 (  4.8%),2005,180,470,60,190,80,1025,700,330
5350421.01,0421.01 (5350421.01)   00000 (  3.8%),5890,830,1355,245,880,155,2425,1485,940
5350421.04,0421.04 (5350421.04)   00000 (  2.1%),3410,495,965,200,620,105,1025,630,390
5350421.05,0421.05 (5350421.05)   00000 (  4.2%),2940,200,735,195,430,95,1295,810,490
5350421.06,0421.06 (5350421.06)   00000 (  5.1%),3090,460,790,180,500,75,1080,675,405
5350421.07,0421.07 (5350421.07)   00000 (  5.0%),3665,425,950,195,670,90,1335,880,455
5350422.02,0422.02 (5350422.02)   00000 (  4.7%),4595,900,1250,305,925,175,1040,665,375
5350422.03,0422.03 (5350422.03)   00000 (  2.5%),5675,720,1355,165,810,130,2500,1750,750
5350422.04,0422.04 (5350422.04)   00000 (  2.0%),3335,385,845,55,355,160,1535,1120,410
5350422.05,0422.05 (5350422.05)   00000 (  0.0%),5900,805,1345,125,675,245,2705,1755,955
5350422.06,0422.06 (5350422.06)   00000 (  3.3%),4505,730,1325,200,815,190,1245,755,490
5350423.01,0423.01 (5350423.01)   00000 (  2.7%),3115,435,660,135,590,105,1185,695,490
5350423.02,0423.02 (5350423.02)   00000 (  3.9%),6520,870,1400,275,1095,165,2720,1705,1020
5350424.04,0424.04 (5350424.04)   00000 (  5.5%),2025,235,460,35,325,60,905,600,310
5350424.05,0424.05 (5350424.05)   00000 (  1.9%),7665,1180,1850,295,1205,235,2905,1995,910
5350424.07,0424.07 (5350424.07)   00000 (  3.1%),6710,870,1400,190,940,260,3045,1965,1085
5350424.08,0424.08 (5350424.08)   00000 (  2.7%),6300,840,1475,260,900,215,2620,1655,965
5350424.09,0424.09 (5350424.09)   00000 (  5.6%),2740,425,710,110,565,65,865,630,235
5350424.1,0424.10 (5350424.10)   00000 (  4.0%),5010,700,1180,280,1020,170,1655,1090,570
5350424.11,0424.11 (5350424.11)   00000 (  3.0%),6440,840,1600,325,1180,175,2315,1550,765
5350424.13,0424.13 (5350424.13)   00000 (  4.7%),1825,200,415,35,285,65,825,545,275
5350424.14,0424.14 (5350424.14)   00000 (  3.6%),9855,1095,1895,315,1665,320,4560,3165,1400
5350424.15,0424.15 (5350424.15)   00000 (  1.5%),7675,920,1645,255,1295,270,3295,2220,1080
5350424.16,0424.16 (5350424.16)   00000 (  0.8%),6755,765,1315,220,905,255,3290,2230,1060
5350430.03,0430.03 (5350430.03)   00000 (  4.8%),4235,575,1340,205,815,70,1225,890,340
5350430.05,0430.05 (5350430.05)   00000 (  2.1%),5515,855,1430,235,1085,110,1795,1290,505
5350430.06,0430.06 (5350430.06)   00000 (  2.8%),4755,760,1235,175,1055,125,1410,1075,330
5350430.07,0430.07 (5350430.07)   00000 (  0.7%),5950,885,1575,305,1195,145,1845,1360,485
5350430.08,0430.08 (5350430.08)   00000 (  1.3%),4410,750,1135,205,940,120,1270,855,420
5350431.01,0431.01 (5350431.01)   00000 (  5.1%),5625,650,1690,455,1185,185,1460,1010,450
5350431.02,0431.02 (5350431.02)   00000 (  3.7%),5555,795,1725,305,990,200,1540,1085,455
5350440,0440.00 (5350440.00)   00000 (  3.1%),5835,760,1455,290,1015,235,2075,1485,595
5350441.02,0441.02 (5350441.02)   00000 (  4.6%),3700,575,1020,170,735,110,1090,795,295
5350441.03,0441.03 (5350441.03)   00000 (  4.2%),6170,780,1545,265,1250,190,2135,1540,595
5350441.04,0441.04 (5350441.04)   00000 (  3.6%),4725,575,1210,270,950,110,1620,1165,455
5350442.02,0442.02 (5350442.02)   00000 (  6.2%),3410,560,990,210,705,90,855,600,255
5350442.03,0442.03 (5350442.03)   00000 (  3.2%),4540,485,1130,190,750,125,1865,1205,655
5350442.04,0442.04 (5350442.04)   00000 (  2.6%),3055,325,845,155,770,85,880,675,205
5350442.05,0442.05 (5350442.05)   00000 (  3.3%),5720,705,1370,315,1180,170,1980,1360,620
5350442.06,0442.06 (5350442.06)   00000 (  3.5%),7715,860,1765,205,1460,260,3165,2165,1005
5350450.02,0450.02 (5350450.02)   00000 (  4.1%),2370,420,620,160,615,55,495,375,115
5350450.03,0450.03 (5350450.03)   00000 (  3.1%),6765,925,2010,325,1605,205,1700,1260,435
5350450.05,0450.05 (5350450.05)   00000 (  2.2%),4980,725,1215,235,1110,125,1580,1175,405
5350450.06,0450.06 (5350450.06)   00000 (  5.3%),6090,860,1305,260,1075,145,2445,1605,845
5350451.01,0451.01 (5350451.01)   00000 (  2.6%),1830,340,530,120,415,25,395,300,95
5350451.02,0451.02 (5350451.02)   00000 (  5.7%),4190,790,1195,205,950,100,955,685,265
5350451.03,0451.03 (5350451.03)   00000 (  2.6%),5910,1000,1735,365,1260,190,1365,985,380
5350451.05,0451.05 (5350451.05)   00000 (  3.2%),3830,510,1015,120,875,95,1220,850,370
5350451.06,0451.06 (5350451.06)   00000 (  2.0%),5200,705,1640,210,1110,135,1395,1045,350
5350451.07,0451.07 (5350451.07)   00000 (  1.5%),3820,465,1010,165,895,115,1175,825,350
5350452.01,0452.01 (5350452.01)   00000 (  2.1%),2635,425,830,225,700,30,415,290,125
5350452.02,0452.02 (5350452.02)   00000 (  4.9%),4170,890,1355,300,910,55,650,435,215
5350452.03,0452.03 (5350452.03)   00000 (  1.7%),4680,710,1360,260,1175,120,1065,815,250
5350452.05,0452.05 (5350452.05)   00000 (  2.9%),3420,450,870,185,710,85,1110,760,350
5350452.06,0452.06 (5350452.06)   00000 (  2.5%),3495,480,975,130,770,70,1065,760,310
5350452.07,0452.07 (5350452.07)   00000 (  3.1%),4520,580,1270,245,1145,125,1160,885,270
5350455,0455.00 (5350455.00)   00000 (  0.0%),6475,985,1810,425,1595,160,1500,1160,340
5350456.01,0456.01 (5350456.01)   00000 (  5.2%),3625,540,1025,270,775,60,955,640,320
5350456.02,0456.02 (5350456.02)   00000 (  3.7%),5790,900,1535,380,1435,130,1405,1045,365
5350456.03,0456.03 (5350456.03)   00000 (  4.9%),3445,640,1085,310,880,50,475,370,105
5350460.01,0460.01 (5350460.01)   00000 (  4.4%),5800,775,1450,355,1060,125,2035,1425,610
5350460.02,0460.02 (5350460.02)   00000 (  4.4%),3065,410,875,205,595,75,905,640,265
5350461.01,0461.01 (5350461.01)   00000 (  4.4%),4355,765,1105,320,915,100,1155,860,295
5350461.02,0461.02 (5350461.02)   00000 (  4.3%),6705,1055,1905,550,1355,115,1725,1220,505
5350470,0470.00 (5350470.00)   00001 (  5.4%),2355,435,720,295,605,30,280,220,55
5350471,0471.00 (5350471.00)   00000 (  6.5%),2840,580,900,330,625,105,300,225,75
5350472,0472.00 (5350472.00)   00000 (  4.4%),5915,1140,1965,480,1420,105,805,615,190
5350473.01,0473.01 (5350473.01)   00000 (  3.2%),5235,1025,1805,355,1250,75,730,600,135
5350473.02,0473.02 (5350473.02)   00000 (  3.4%),5725,1165,2175,500,1145,115,615,490,125
5350473.03,0473.03 (5350473.03)   00000 (  4.2%),3110,690,1085,305,670,40,310,225,95
5350474,0474.00 (5350474.00)   00001 (  7.0%),4710,960,1535,510,1100,40,570,440,135
5350475,0475.00 (5350475.00)   00001 (  9.0%),5555,1190,1730,595,1335,95,610,450,160
5350476.01,0476.01 (5350476.01)   01212 ( 13.7%),210,50,55,30,60,10,15,15,10
5350476.02,0476.02 (5350476.02)   00001 (  8.0%),1830,370,615,180,450,40,185,150,30
5350480.01,0480.01 (5350480.01)   00001 (  7.2%),3530,970,1110,280,790,25,350,290,65
5350480.02,0480.02 (5350480.02)   00000 (  3.3%),8220,1750,2545,595,1580,165,1590,1265,325
5350481.01,0481.01 (5350481.01)   00000 (  3.1%),6445,1285,1800,400,1565,150,1240,965,275
5350481.02,0481.02 (5350481.02)   00001 (  7.3%),3530,805,1150,240,855,50,430,300,130
5350482,0482.00 (5350482.00)   00000 (  5.0%),6010,995,1860,530,1535,110,985,755,230
5350483.01,0483.01 (5350483.01)   00000 (  4.7%),3910,740,1285,325,1065,55,435,325,115
5350483.02,0483.02 (5350483.02)   00000 (  4.6%),2780,560,785,300,640,45,455,305,150
5350484.02,0484.02 (5350484.02)   00000 (  4.4%),4945,910,1680,415,1180,60,695,520,175
5350484.03,0484.03 (5350484.03)   00000 (  5.9%),3650,495,1170,345,855,90,695,485,210
5350484.04,0484.04 (5350484.04)   00001 (  8.1%),755,115,250,60,215,15,95,80,15
5350485.01,0485.01 (5350485.01)   00000 (  3.7%),6195,1110,2175,420,1400,90,1000,780,220
5350485.02,0485.02 (5350485.02)   00000 (  5.2%),5665,1440,1995,400,1205,75,550,450,95
5350500.01,0500.01 (5350500.01)   00000 (  4.5%),2915,585,925,210,575,50,570,410,160
5350500.02,0500.02 (5350500.02)   00000 (  5.0%),4185,920,1230,280,855,70,830,580,250
5350501.01,0501.01 (5350501.01)   00000 (  4.5%),4975,550,1335,215,1045,95,1745,1090,655
5350501.02,0501.02 (5350501.02)   00000 (  1.6%),5785,555,1375,185,975,110,2580,1585,995
5350502.01,0502.01 (5350502.01)   00000 (  3.4%),4670,830,1385,290,995,160,1005,655,350
5350502.02,0502.02 (5350502.02)   00000 (  5.3%),1975,345,625,125,440,40,400,280,120
5350503,0503.00 (5350503.00)   00001 (  5.6%),4230,790,1285,300,775,160,920,645,275
5350504,0504.00 (5350504.00)   00000 (  3.1%),2800,445,625,100,560,60,1010,605,400
5350505.01,0505.01 (5350505.01)   00000 (  4.4%),3810,325,805,150,600,110,1810,1160,655
5350505.02,0505.02 (5350505.02)   00000 (  0.5%),4700,455,1065,160,630,140,2260,1395,865
5350506,0506.00 (5350506.00)   00000 (  0.0%),2155,210,390,50,275,45,1180,735,440
5350507,0507.00 (5350507.00)   00000 (  2.9%),3050,385,705,150,460,65,1280,805,475
5350508,0508.00 (5350508.00)   00000 (  4.0%),2640,455,745,185,525,90,645,445,200
5350509.01,0509.01 (5350509.01)   00000 (  4.4%),4340,695,1195,275,885,130,1150,840,315
5350509.02,0509.02 (5350509.02)   00000 (  5.0%),2640,345,695,115,575,85,815,590,225
5350510,0510.00 (5350510.00)   00000 (  3.5%),4700,820,1435,275,940,115,1110,880,235
5350511.01,0511.01 (5350511.01)   00000 (  4.0%),4925,845,1440,280,885,170,1305,855,450
5350511.02,0511.02 (5350511.02)   00000 (  2.9%),4145,860,1315,330,690,120,830,575,255
5350512,0512.00 (5350512.00)   00000 (  1.1%),4560,935,1250,300,910,140,1025,680,345
5350513.01,0513.01 (5350513.01)   00000 (  3.4%),5970,735,1445,270,1230,240,2045,1315,725
5350513.02,0513.02 (5350513.02)   00000 (  5.3%),5275,1200,1460,285,910,160,1260,890,370
5350513.03,0513.03 (5350513.03)   00000 (  1.3%),2495,445,590,145,385,75,860,520,345
5350513.04,0513.04 (5350513.04)   00000 (  5.5%),3235,810,755,210,550,80,830,515,315
5350514.01,0514.01 (5350514.01)   00000 (  4.5%),1995,155,435,50,375,55,930,580,345
5350514.02,0514.02 (5350514.02)   00000 (  6.6%),4410,660,1145,160,720,115,1615,985,620
5350515.01,0515.01 (5350515.01)   00000 (  4.1%),3740,500,1090,205,805,120,1020,700,320
5350515.02,0515.02 (5350515.02)   00000 (  4.0%),2930,475,730,165,555,50,960,660,300
5350516.01,0516.01 (5350516.01)   00000 (  3.5%),4590,530,1265,235,1105,85,1370,940,435
5350516.02,0516.02 (5350516.02)   00000 (  3.1%),3975,450,1275,160,915,90,1085,770,315
5350516.03,0516.03 (5350516.03)   00000 (  5.0%),4765,695,1410,220,1105,100,1230,880,350
5350516.04,0516.04 (5350516.04)   00000 (  3.3%),5180,745,1440,245,1005,130,1620,1040,580
5350516.05,0516.05 (5350516.05)   00000 (  3.0%),5075,710,1570,290,1080,200,1235,920,315
5350516.06,0516.06 (5350516.06)   00000 (  6.5%),3900,665,1035,280,840,110,970,730,240
5350516.08,0516.08 (5350516.08)   00000 (  3.6%),5005,790,1550,325,980,125,1230,840,390
5350516.09,0516.09 (5350516.09)   00000 (  3.8%),5970,740,1670,360,1325,235,1640,1040,595
5350516.11,0516.11 (5350516.11)   00000 (  1.4%),3920,405,955,140,675,120,1615,1025,590
5350516.16,0516.16 (5350516.16)   00100 (  3.9%),4565,395,1155,190,950,165,1715,1065,645
5350516.17,0516.17 (5350516.17)   00000 (  5.0%),2955,445,665,140,685,65,955,635,320
5350516.18,0516.18 (5350516.18)   00000 (  4.8%),3025,295,825,165,715,65,965,705,255
5350516.2,0516.20 (5350516.20)   00000 (  2.4%),5210,640,1425,195,1080,110,1765,1280,485
5350516.21,0516.21 (5350516.21)   00000 (  1.4%),2535,320,610,130,520,60,900,595,305
5350516.22,0516.22 (5350516.22)   00000 (  4.2%),5620,760,1415,200,1070,160,2010,1370,640
5350516.23,0516.23 (5350516.23)   00000 (  3.0%),4720,560,1185,185,950,145,1690,1185,505
5350516.24,0516.24 (5350516.24)   00000 (  1.6%),3465,325,905,155,760,70,1245,920,325
5350516.25,0516.25 (5350516.25)   00000 (  2.8%),3260,455,845,165,645,85,1065,690,375
5350516.26,0516.26 (5350516.26)   00000 (  2.9%),5625,730,1685,260,1065,105,1780,1260,520
5350516.28,0516.28 (5350516.28)   00000 (  0.9%),4155,495,1070,80,660,100,1755,1170,585
5350516.29,0516.29 (5350516.29)   00000 (  1.9%),3915,510,940,115,740,115,1495,1000,500
5350516.3,0516.30 (5350516.30)   00000 (  1.1%),4955,455,1165,135,575,170,2450,1515,935
5350516.31,0516.31 (5350516.31)   00000 (  2.2%),2400,230,590,95,480,60,950,575,375
5350516.32,0516.32 (5350516.32)   00000 (  3.3%),4030,425,1015,140,760,120,1575,1110,465
5350516.37,0516.37 (5350516.37)   00000 (  3.4%),5075,700,1280,165,995,155,1775,1235,540
5350516.38,0516.38 (5350516.38)   00000 (  3.2%),5100,680,1235,150,790,100,2140,1390,755
5350516.39,0516.39 (5350516.39)   00000 (  3.6%),4070,485,1110,170,730,140,1445,1005,435
5350516.4,0516.40 (5350516.40)   00000 (  1.6%),5030,680,1190,195,1055,135,1775,1285,485
5350516.41,0516.41 (5350516.41)   00000 (  2.5%),4570,490,955,140,675,115,2205,1390,815
5350516.42,0516.42 (5350516.42)   00000 (  2.8%),6730,875,1480,220,1040,195,2925,1910,1010
5350516.43,0516.43 (5350516.43)   00000 (  4.3%),3760,390,915,95,615,115,1630,1055,575
5350516.44,0516.44 (5350516.44)   00000 (  2.4%),4205,540,860,85,570,185,1965,1290,675
5350516.46,0516.46 (5350516.46)   00000 (  1.1%),5920,775,1150,155,660,140,3035,2055,975
5350516.47,0516.47 (5350516.47)   00000 (  2.6%),3965,485,855,115,530,130,1840,1205,635
5350516.48,0516.48 (5350516.48)   00000 (  1.4%),4930,580,1075,80,490,115,2595,1720,870
5350516.49,0516.49 (5350516.49)   00000 (  2.0%),6960,815,1410,210,1090,210,3235,2095,1140
5350517,0517.00 (5350517.00)   00000 (  2.6%),1415,175,345,65,255,55,515,285,235
5350518,0518.00 (5350518.00)   00000 (  3.6%),3440,570,1060,185,640,105,880,615,270
5350519,0519.00 (5350519.00)   00000 (  4.8%),3160,510,905,170,755,100,720,465,260
5350520.01,0520.01 (5350520.01)   00000 (  6.7%),4700,850,1500,230,835,135,1160,820,345
5350520.02,0520.02 (5350520.02)   00000 (  4.1%),6080,955,1510,220,1165,135,2095,1560,535
5350520.05,0520.05 (5350520.05)   00000 (  5.5%),3090,605,755,145,525,85,970,655,320
5350520.07,0520.07 (5350520.07)   00000 (  3.9%),3975,575,1010,125,520,125,1620,975,645
5350520.08,0520.08 (5350520.08)   00000 (  3.7%),5360,775,1415,245,910,225,1780,1300,480
5350520.09,0520.09 (5350520.09)   00000 (  2.9%),5940,515,1180,200,990,215,2850,1815,1030
5350520.1,0520.10 (5350520.10)   00000 (  5.2%),8020,590,1850,220,1255,340,3765,2550,1215
5350521.01,0521.01 (5350521.01)   00000 (  2.2%),4790,695,1195,195,775,140,1790,1120,670
5350521.02,0521.02 (5350521.02)   00000 (  0.4%),2925,425,825,185,670,100,725,460,260
5350521.03,0521.03 (5350521.03)   00000 (  0.0%),4110,705,1175,175,680,210,1160,800,360
5350521.04,0521.04 (5350521.04)   00000 (  1.8%),5355,795,1500,345,1175,130,1400,970,435
5350521.05,0521.05 (5350521.05)   00000 (  2.2%),3695,805,1040,235,730,85,800,575,225
5350521.06,0521.06 (5350521.06)   00000 (  4.4%),4660,670,1170,210,790,155,1665,1035,630
5350522,0522.00 (5350522.00)   00000 (  4.9%),5125,1225,1310,340,920,120,1200,835,365
5350523,0523.00 (5350523.00)   00000 (  4.7%),5155,925,1495,430,950,150,1205,755,445
5350524.01,0524.01 (5350524.01)   00000 (  3.4%),3930,690,1325,185,735,125,865,610,255
5350524.02,0524.02 (5350524.02)   00000 (  3.5%),3100,565,865,215,555,95,815,540,275
5350525.01,0525.01 (5350525.01)   00000 (  2.4%),2710,640,855,145,445,60,565,375,190
5350525.02,0525.02 (5350525.02)   00000 (  1.9%),3800,685,1180,220,700,110,905,575,335
5350526.01,0526.01 (5350526.01)   00000 (  5.6%),4830,1105,1400,230,810,125,1155,705,450
5350526.02,0526.02 (5350526.02)   00000 (  2.5%),2735,495,670,155,485,80,855,525,330
5350527.01,0527.01 (5350527.01)   00001 (  6.5%),9185,840,2225,315,1515,285,4000,2610,1390
5350527.02,0527.02 (5350527.02)   00000 (  3.3%),4285,720,1105,255,810,110,1290,790,505
5350527.03,0527.03 (5350527.03)   00000 (  2.7%),7345,885,1785,340,1135,270,2925,1970,955
5350527.04,0527.04 (5350527.04)   00000 (  3.1%),5060,570,1340,270,975,195,1715,1105,605
5350527.05,0527.05 (5350527.05)   00000 (  2.1%),4840,810,1270,325,925,135,1380,890,485
5350527.06,0527.06 (5350527.06)   00000 (  2.8%),3260,520,830,235,635,100,940,605,335
5350527.07,0527.07 (5350527.07)   00000 (  1.4%),4080,910,1115,295,710,150,895,635,260
5350527.08,0527.08 (5350527.08)   00000 (  5.5%),3605,625,915,200,675,155,1040,740,300
5350527.09,0527.09 (5350527.09)   00000 (  3.7%),2995,430,880,95,525,105,960,630,330
5350528.01,0528.01 (5350528.01)   00000 (  2.1%),4880,735,1180,170,790,155,1845,1300,545
5350528.02,0528.02 (5350528.02)   00000 (  2.9%),6485,1120,1830,215,825,210,2275,1560,710
5350528.1,0528.10 (5350528.10)   00000 (  5.6%),7410,990,1985,375,1270,255,2535,1635,900
5350528.11,0528.11 (5350528.11)   00000 (  4.2%),4790,600,1105,230,750,140,1970,1385,585
5350528.12,0528.12 (5350528.12)   00000 (  3.7%),4930,555,1145,190,1010,130,1890,1305,590
5350528.13,0528.13 (5350528.13)   00000 (  3.0%),2695,430,680,80,405,55,1040,745,300
5350528.15,0528.15 (5350528.15)   00000 (  4.6%),3980,650,1130,115,560,140,1380,945,435
5350528.16,0528.16 (5350528.16)   00000 (  3.4%),4435,645,1110,135,765,130,1655,1220,435
5350528.18,0528.18 (5350528.18)   00000 (  0.0%),5730,840,1585,235,955,190,1930,1310,620
5350528.19,0528.19 (5350528.19)   00000 (  2.5%),4595,795,1230,150,810,100,1505,1020,485
5350528.2,0528.20 (5350528.20)   00000 (  2.4%),4965,1005,1360,225,915,145,1310,945,365
5350528.21,0528.21 (5350528.21)   00000 (  4.1%),3485,555,1055,160,575,115,1015,645,375
5350528.22,0528.22 (5350528.22)   00001 (  7.2%),5340,1145,1665,155,900,95,1375,920,460
5350528.24,0528.24 (5350528.24)   00000 (  6.4%),4590,715,1290,170,730,135,1540,995,550
5350528.25,0528.25 (5350528.25)   00000 (  3.2%),6305,920,1600,255,1075,245,2205,1555,650
5350528.26,0528.26 (5350528.26)   00001 (  8.3%),4555,875,1225,195,705,90,1470,1025,445
5350528.31,0528.31 (5350528.31)   00000 (  5.1%),5100,1250,1500,210,895,110,1140,690,450
5350528.32,0528.32 (5350528.32)   00000 (  1.7%),3510,575,940,95,475,115,1315,930,380
5350528.33,0528.33 (5350528.33)   00000 (  5.9%),5470,795,1310,215,1020,145,1990,1370,620
5350528.34,0528.34 (5350528.34)   00000 (  4.1%),5040,740,1240,285,990,115,1670,1240,425
5350528.35,0528.35 (5350528.35)   00000 (  3.1%),2490,420,660,140,405,70,795,495,305
5350528.36,0528.36 (5350528.36)   00000 (  4.7%),6600,1515,2115,185,870,140,1775,1170,605
5350528.37,0528.37 (5350528.37)   00000 (  2.2%),6590,1040,1505,165,1165,195,2525,1535,985
5350528.39,0528.39 (5350528.39)   00000 (  3.5%),5330,665,1315,155,965,205,2020,1380,640
5350528.4,0528.40 (5350528.40)   00000 (  3.6%),4860,720,1265,180,810,110,1780,1320,460
5350528.41,0528.41 (5350528.41)   00000 (  2.4%),6220,1100,1800,210,915,175,2010,1340,670
5350528.42,0528.42 (5350528.42)   00000 (  0.8%),4310,735,1105,130,565,105,1680,1225,455
5350528.43,0528.43 (5350528.43)   00000 (  2.3%),4015,545,1005,130,505,175,1650,1105,540
5350528.44,0528.44 (5350528.44)   00000 (  2.3%),1875,270,605,85,395,65,460,340,120
5350528.45,0528.45 (5350528.45)   00000 (  1.2%),4540,750,1115,200,815,185,1480,1015,465
5350528.46,0528.46 (5350528.46)   00000 (  2.9%),5605,760,1430,165,730,160,2350,1505,840
5350528.47,0528.47 (5350528.47)   00000 (  2.5%),4315,755,1195,160,655,90,1460,1030,430
5350528.48,0528.48 (5350528.48)   00000 (  2.3%),6170,1135,1500,165,830,155,2375,1565,810
5350528.49,0528.49 (5350528.49)   00000 (  2.6%),3650,545,805,130,580,80,1505,1010,500
5350529.01,0529.01 (5350529.01)   00001 (  8.9%),3275,695,970,215,475,70,850,495,360
5350529.02,0529.02 (5350529.02)   00001 (  6.8%),3620,980,985,180,510,85,890,525,365
5350530.01,0530.01 (5350530.01)   00001 (  6.3%),4075,990,1265,225,760,80,760,470,285
5350530.02,0530.02 (5350530.02)   00000 (  4.9%),2520,655,795,110,425,50,480,260,225
5350531.01,0531.01 (5350531.01)   00001 (  6.1%),3305,825,1085,185,530,65,615,430,185
5350531.02,0531.02 (5350531.02)   00001 (  5.8%),5470,1425,1570,285,1135,60,990,655,340
5350532.01,0532.01 (5350532.01)   00000 (  2.9%),3480,920,1125,200,495,80,660,420,240
5350532.02,0532.02 (5350532.02)   00000 (  2.7%),3790,975,1130,235,520,135,795,495,300
5350540.01,0540.01 (5350540.01)   00000 (  3.4%),4295,595,1105,255,1125,70,1145,730,415
5350540.02,0540.02 (5350540.02)   00000 (  4.8%),4820,530,1110,190,1020,160,1810,1175,640
5350550.01,0550.01 (5350550.01)   00000 (  4.6%),3880,485,1180,240,860,115,1005,665,340
5350550.02,0550.02 (5350550.02)   00000 (  4.5%),6340,1075,1525,340,1095,190,2120,1410,705
5350560,0560.00 (5350560.00)   00000 (  3.1%),5160,1245,1680,340,1015,120,775,485,290
5350561,0561.00 (5350561.00)   00000 (  5.1%),5250,925,1670,335,1185,100,1035,715,320
5350562.02,0562.02 (5350562.02)   00000 (  0.9%),5625,855,1845,275,1080,135,1445,1000,445
5350562.03,0562.03 (5350562.03)   00000 (  5.6%),4015,850,1315,250,905,50,645,470,175
5350562.04,0562.04 (5350562.04)   00000 (  3.6%),3680,700,1185,235,840,80,640,475,170
5350562.05,0562.05 (5350562.05)   00001 (  6.2%),4725,910,1610,250,920,125,905,680,230
5350562.06,0562.06 (5350562.06)   00000 (  4.1%),2660,425,775,170,475,60,750,505,250
5350562.07,0562.07 (5350562.07)   00000 (  4.7%),3640,690,1205,210,725,100,705,450,260
5350562.08,0562.08 (5350562.08)   00000 (  4.3%),3325,665,1085,210,855,55,450,330,125
5350562.09,0562.09 (5350562.09)   00000 (  5.4%),3390,735,1105,260,660,90,540,395,145
5350562.11,0562.11 (5350562.11)   00000 (  4.1%),2505,465,730,140,525,75,565,425,140
5350562.12,0562.12 (5350562.12)   00000 (  3.7%),5445,965,1730,250,1115,135,1245,790,460
5350562.13,0562.13 (5350562.13)   00000 (  5.5%),905,180,320,50,170,25,160,95,65
5350562.14,0562.14 (5350562.14)   00000 (  2.2%),3315,570,1030,145,730,60,785,555,225
5350562.15,0562.15 (5350562.15)   00000 (  4.9%),3065,600,935,165,595,50,725,515,215
5350563.01,0563.01 (5350563.01)   00001 (  6.5%),5125,1020,1570,180,970,190,1195,700,495
5350563.02,0563.02 (5350563.02)   00000 (  2.0%),2605,510,935,150,530,70,415,330,80
5350564.01,0564.01 (5350564.01)   00000 (  4.5%),1960,340,795,125,355,75,270,170,105
5350564.02,0564.02 (5350564.02)   00001 (  6.3%),3820,805,1210,185,720,80,825,585,240
5350570.01,0570.01 (5350570.01)   00000 (  5.6%),2545,555,810,255,495,60,370,250,120
5350570.02,0570.02 (5350570.02)   00000 (  1.1%),3020,395,895,185,725,80,735,545,190
5350571.01,0571.01 (5350571.01)   00001 (  7.1%),3110,900,910,210,635,85,365,240,130
5350571.02,0571.02 (5350571.02)   00000 (  3.7%),3395,730,995,260,735,65,620,440,175
5350572.01,0572.01 (5350572.01)   00000 (  3.5%),5705,1185,1690,310,1330,100,1090,755,340
5350572.04,0572.04 (5350572.04)   00000 (  4.1%),2615,435,715,155,610,75,625,405,220
5350572.05,0572.05 (5350572.05)   00000 (  5.1%),4960,800,1225,245,925,115,1645,1115,530
5350572.07,0572.07 (5350572.07)   00000 (  3.5%),3765,650,1115,190,730,140,945,655,285
5350572.08,0572.08 (5350572.08)   00000 (  3.5%),4560,830,1445,205,885,90,1105,760,345
5350572.09,0572.09 (5350572.09)   00001 (  7.1%),3680,720,1125,125,700,55,950,635,315
5350572.1,0572.10 (5350572.10)   00000 (  6.1%),3060,620,835,140,585,60,825,580,245
5350573.03,0573.03 (5350573.03)   00000 (  4.9%),5110,1045,1635,345,1155,155,780,585,190
5350573.05,0573.05 (5350573.05)   00001 (  5.2%),4730,1190,1505,295,955,40,745,520,225
5350573.06,0573.06 (5350573.06)   00000 (  5.0%),3680,660,1280,215,705,90,720,515,205
5350573.07,0573.07 (5350573.07)   00001 (  7.0%),4810,965,1595,355,1095,40,765,560,200
5350573.09,0573.09 (5350573.09)   00000 (  5.4%),4775,880,1645,240,840,110,1055,725,330
5350573.1,0573.10 (5350573.10)   00000 (  3.2%),2655,490,880,110,560,80,535,345,190
5350573.11,0573.11 (5350573.11)   00000 (  1.3%),3900,735,1255,150,755,120,890,560,330
5350574,0574.00 (5350574.00)   00000 (  5.8%),5735,980,1620,310,1395,115,1310,865,450
5350575.01,0575.01 (5350575.01)   00001 (  8.0%),4830,1195,1600,290,960,95,690,475,215
5350575.02,0575.02 (5350575.02)   00101 (  6.8%),3890,1045,1150,320,680,100,590,430,165
5350575.03,0575.03 (5350575.03)   00000 (  5.0%),5350,1160,1795,365,1125,85,825,555,265
5350575.04,0575.04 (5350575.04)   00000 (  5.2%),5010,1180,1785,330,1090,45,585,475,105
5350575.05,0575.05 (5350575.05)   00000 (  4.5%),5605,1030,1735,410,1245,130,1055,760,295
5350575.07,0575.07 (5350575.07)   00000 (  0.0%),3150,545,890,130,495,100,995,690,310
5350575.08,0575.08 (5350575.08)   00001 (  4.2%),4385,860,1510,215,830,120,840,585,260
5350576.04,0576.04 (5350576.04)   00000 (  1.2%),3765,550,1150,260,780,85,935,700,240
5350576.05,0576.05 (5350576.05)   00000 (  4.7%),5660,1215,1785,260,1070,185,1150,810,340
5350576.06,0576.06 (5350576.06)   00000 (  2.1%),5965,1045,1850,290,1295,140,1345,975,380
5350576.07,0576.07 (5350576.07)   00001 (  3.7%),3810,700,1235,255,820,80,725,570,155
5350576.09,0576.09 (5350576.09)   00000 (  3.5%),3090,485,985,150,720,60,690,490,205
5350576.1,0576.10 (5350576.10)   00000 (  4.8%),9640,1995,2920,415,1550,190,2570,1725,850
5350576.16,0576.16 (5350576.16)   00000 (  4.0%),5290,1010,1610,170,975,115,1415,1035,380
5350576.17,0576.17 (5350576.17)   00000 (  3.4%),5365,990,1665,195,980,160,1380,930,445
5350576.2,0576.20 (5350576.20)   00000 (  4.5%),5225,1255,1655,220,795,125,1175,735,435
5350576.22,0576.22 (5350576.22)   00000 (  2.6%),6035,1475,1890,265,965,90,1355,940,415
5350576.24,0576.24 (5350576.24)   00000 (  5.0%),8335,1705,2505,390,1275,230,2240,1585,650
5350576.29,0576.29 (5350576.29)   00000 (  4.5%),3060,490,1015,150,610,90,690,475,215
5350576.31,0576.31 (5350576.31)   00000 (  2.5%),3215,565,965,155,655,50,820,580,240
5350576.32,0576.32 (5350576.32)   00000 (  3.6%),7385,1380,2280,355,1505,250,1610,1155,450
5350576.33,0576.33 (5350576.33)   00000 (  5.7%),2170,390,710,165,520,65,320,240,85
5350576.34,0576.34 (5350576.34)   00000 (  4.1%),4685,890,1460,245,1060,125,915,635,280
5350576.4,0576.40 (5350576.40)   00000 (  3.0%),6190,1425,1705,210,920,165,1760,1175,590
5350576.41,0576.41 (5350576.41)   00000 (  4.0%),6210,985,1800,290,1260,235,1645,1170,470
5350576.42,0576.42 (5350576.42)   00000 (  2.5%),9525,1640,2505,375,1880,225,2910,2010,900
5350576.43,0576.43 (5350576.43)   00000 (  5.1%),4995,1055,1435,265,1015,120,1105,710,395
5350576.44,0576.44 (5350576.44)   00000 (  6.3%),2150,300,635,120,445,90,555,405,150
5350576.45,0576.45 (5350576.45)   00000 (  4.3%),2320,510,740,95,395,75,510,340,175
5350576.46,0576.46 (5350576.46)   00000 (  3.3%),4260,1050,1275,140,675,160,970,640,330
5350576.47,0576.47 (5350576.47)   00001 (  7.5%),3265,540,995,130,485,140,975,730,250
5350576.49,0576.49 (5350576.49)   00000 (  2.3%),4515,925,1280,225,890,155,1045,720,325
5350576.5,0576.50 (5350576.50)   00000 (  1.8%),5135,965,1555,270,1000,125,1230,880,350
5350576.52,0576.52 (5350576.52)   00000 (  3.8%),4425,765,1350,205,795,115,1200,820,380
5350576.53,0576.53 (5350576.53)   00000 (  0.2%),3225,575,1060,140,550,90,820,590,230
5350576.54,0576.54 (5350576.54)   00000 (  2.1%),3370,775,920,110,590,65,915,620,290
5350576.55,0576.55 (5350576.55)   00000 (  4.6%),5095,1220,1600,195,715,145,1220,835,385
5350576.56,0576.56 (5350576.56)   00000 (  5.4%),6135,1580,1900,230,870,185,1365,910,450
5350576.57,0576.57 (5350576.57)   00000 (  3.0%),2845,585,875,130,485,50,710,490,220
5350576.58,0576.58 (5350576.58)   00000 (  1.8%),6540,1450,2045,210,970,155,1710,1115,590
5350576.59,0576.59 (5350576.59)   00000 (  2.1%),5130,1190,1555,185,800,90,1310,925,385
5350576.6,0576.60 (5350576.60)   00000 (  3.9%),6095,1350,1735,160,735,185,1935,1370,560
5350576.61,0576.61 (5350576.61)   00000 (  3.4%),8150,1930,2260,320,1145,270,2220,1595,630
5350576.62,0576.62 (5350576.62)   00000 (  3.6%),5625,1565,1835,180,770,125,1155,795,355
5350576.63,0576.63 (5350576.63)   00000 (  4.9%),4865,1155,1520,95,630,160,1305,915,390
5350576.64,0576.64 (5350576.64)   00000 (  4.7%),6850,1610,2150,255,1060,195,1585,1095,495
5350576.65,0576.65 (5350576.65)   00000 (  1.0%),1785,395,515,65,265,50,495,390,110
5350576.66,0576.66 (5350576.66)   00000 (  4.6%),5060,1285,1570,205,735,60,1205,875,340
5350576.67,0576.67 (5350576.67)   00000 (  2.5%),6225,1400,2040,195,1070,120,1400,1005,395
5350576.68,0576.68 (5350576.68)   00001 (  6.7%),4045,810,1310,135,565,110,1110,860,260
5350576.69,0576.69 (5350576.69)   00000 (  4.0%),4645,920,1380,195,640,115,1390,925,465
5350576.7,0576.70 (5350576.70)   00000 (  3.9%),13935,2000,3590,495,2535,330,4985,3270,1720
5350576.71,0576.71 (5350576.71)   00000 (  4.3%),17870,2965,4540,635,2715,560,6455,4395,2065
5350576.72,0576.72 (5350576.72)   00000 (  5.4%),7255,960,1710,305,1235,250,2790,1865,920
5350585.02,0585.02 (5350585.02)   00001 (  5.3%),4750,985,1465,380,975,125,815,625,190
5350585.03,0585.03 (5350585.03)   00000 (  6.5%),4395,850,1405,395,995,60,685,500,185
5350585.05,0585.05 (5350585.05)   00000 (  4.0%),5770,930,1550,360,1560,105,1265,925,345
5350585.07,0585.07 (5350585.07)   00000 (  3.1%),5815,930,1505,400,1350,80,1545,1155,390
5350585.08,0585.08 (5350585.08)   00000 (  4.7%),3150,530,845,180,685,80,835,620,210
5350585.09,0585.09 (5350585.09)   00000 (  1.0%),4590,825,1340,340,1160,75,855,695,160
5350585.1,0585.10 (5350585.10)   00000 (  1.5%),3405,830,1055,205,750,45,530,415,120
5350586.01,0586.01 (5350586.01)   00000 (  7.7%),9985,1800,2840,550,2075,235,2490,1690,800
5350586.02,0586.02 (5350586.02)   00000 (  5.6%),2295,415,705,185,475,75,435,320,120
5350587.01,0587.01 (5350587.01)   00000 (  3.9%),5055,680,1580,325,1175,125,1160,835,330
5350587.02,0587.02 (5350587.02)   00000 (  0.3%),4675,680,1370,265,995,100,1255,810,450
5350590,0590.00 (5350590.00)   00000 (  3.6%),4040,835,1570,265,825,65,470,350,120
5350591.01,0591.01 (5350591.01)   00000 (  1.4%),4140,730,1385,210,1090,60,665,520,145
5350591.02,0591.02 (5350591.02)   00000 (  0.4%),4035,720,1330,305,1115,40,515,415,100
5350592.01,0592.01 (5350592.01)   00000 (  2.7%),5510,1165,1825,335,1240,100,845,675,170
5350592.02,0592.02 (5350592.02)   00000 (  3.2%),5155,735,1610,295,1470,60,995,760,235
5350593,0593.00 (5350593.00)   00000 (  4.5%),7190,1030,2125,525,1840,195,1485,1020,470
5350600.01,0600.01 (5350600.01)   00000 (  2.5%),5075,455,975,115,655,125,2750,1685,1065
5350600.02,0600.02 (5350600.02)   00000 (  3.3%),5805,685,1290,230,1075,175,2355,1545,805
5350601,0601.00 (5350601.00)   00000 (  2.9%),3345,395,565,45,490,55,1790,1040,745
5350602,0602.00 (5350602.00)   00000 (  4.5%),3885,400,710,110,515,125,2030,1230,800
5350603,0603.00 (5350603.00)   00001 (  7.7%),4510,600,1250,235,915,205,1300,940,360
5350604,0604.00 (5350604.00)   00001 (  7.2%),1880,140,510,70,355,80,730,460,265
5350605,0605.00 (5350605.00)   00000 (  4.5%),2095,215,460,90,320,85,925,535,385
5350606,0606.00 (5350606.00)   00000 (  4.8%),4325,1090,975,335,805,125,1005,685,325
5350607,0607.00 (5350607.00)   00000 (  3.2%),2460,325,690,180,460,50,755,485,270
5350608,0608.00 (5350608.00)   00000 (  3.4%),2115,340,680,140,355,55,540,385,160
5350609,0609.00 (5350609.00)   00000 (  2.9%),2340,270,585,85,410,70,910,600,310
5350610.02,0610.02 (5350610.02)   00000 (  3.1%),7020,535,1465,285,1205,190,3345,2100,1250
5350610.03,0610.03 (5350610.03)   00000 (  5.5%),4200,485,980,220,930,155,1425,910,515
5350610.04,0610.04 (5350610.04)   00000 (  5.5%),2650,335,715,130,545,90,830,570,265
5350611,0611.00 (5350611.00)   00000 (  1.3%),4150,520,1195,205,885,135,1210,790,415
5350612.03,0612.03 (5350612.03)   00000 (  1.6%),5075,555,1075,100,885,120,2340,1475,860
5350612.05,0612.05 (5350612.05)   00000 (  5.4%),4785,490,1040,140,880,120,2120,1410,710
5350612.08,0612.08 (5350612.08)   00000 (  4.1%),4460,665,975,145,915,105,1660,1115,545
5350612.11,0612.11 (5350612.11)   00000 (  1.1%),4695,515,965,110,815,135,2140,1490,650
5350612.12,0612.12 (5350612.12)   00000 (  2.1%),5555,640,1385,230,1045,100,2155,1465,690
5350612.13,0612.13 (5350612.13)   00000 (  1.2%),3305,315,785,110,525,85,1490,1000,480
5350612.14,0612.14 (5350612.14)   00000 (  3.3%),3435,420,815,130,625,100,1350,850,505
5350612.15,0612.15 (5350612.15)   00000 (  3.0%),5160,480,925,100,745,155,2750,1705,1050
5350612.18,0612.18 (5350612.18)   00000 (  0.8%),3305,390,755,105,595,75,1395,875,520
5350612.19,0612.19 (5350612.19)   00000 (  1.3%),3155,415,670,95,530,70,1365,885,480
5350612.2,0612.20 (5350612.20)   00000 (  3.1%),3480,485,730,110,515,95,1545,1035,515
5350612.21,0612.21 (5350612.21)   00000 (  1.6%),4835,570,895,120,680,145,2430,1550,875
5350612.22,0612.22 (5350612.22)   00000 (  3.9%),5140,625,895,155,810,120,2535,1595,940
5350612.23,0612.23 (5350612.23)   00000 (  2.8%),3435,350,705,85,675,110,1505,995,510
5350612.24,0612.24 (5350612.24)   00000 (  2.7%),6060,710,1230,135,760,145,3075,1845,1230
5350612.25,0612.25 (5350612.25)   00000 (  3.1%),4335,525,975,125,595,45,2065,1350,720
5350612.26,0612.26 (5350612.26)   00000 (  3.8%),3205,260,660,95,635,115,1445,900,540
5350612.27,0612.27 (5350612.27)   00000 (  1.0%),4255,405,1045,160,710,100,1830,1300,530
5350613.01,0613.01 (5350613.01)   00000 (  4.6%),3425,490,990,165,710,105,960,655,305
5350613.03,0613.03 (5350613.03)   00000 (  3.7%),3405,515,905,215,665,80,1020,690,330
5350613.04,0613.04 (5350613.04)   00100 (  1.1%),3815,335,1150,180,930,105,1115,780,340
5350614.01,0614.01 (5350614.01)   00000 (  0.7%),2750,345,705,140,440,65,1050,715,340
5350614.02,0614.02 (5350614.02)   00000 (  0.2%),3360,290,895,155,805,115,1100,795,305
5350615,0615.00 (5350615.00)   00000 (  1.9%),4705,465,875,115,645,145,2460,1555,900
5350620.01,0620.01 (5350620.01)   00000 (  2.0%),6840,860,1745,250,1425,130,2425,1610,815
5350620.05,0620.05 (5350620.05)   00000 (  2.6%),3445,465,820,125,680,75,1275,945,330
5350620.06,0620.06 (5350620.06)   00000 (  1.1%),4770,565,1065,210,1045,130,1760,1280,475
5350620.07,0620.07 (5350620.07)   00000 (  1.1%),3610,400,780,150,690,105,1480,1000,485
5350620.08,0620.08 (5350620.08)   00000 (  1.2%),5540,590,1145,190,1245,150,2220,1490,730
5350620.09,0620.09 (5350620.09)   00000 (  1.5%),3835,445,1000,125,750,115,1400,1075,320
5350620.1,0620.10 (5350620.10)   00000 (  3.2%),8340,850,1735,300,1585,225,3645,2395,1250
5350620.11,0620.11 (5350620.11)   00000 (  1.1%),7945,820,1625,300,1610,245,3350,2325,1030
5350620.12,0620.12 (5350620.12)   00000 (  6.1%),12100,1215,2370,425,2650,390,5045,3500,1550
5350620.13,0620.13 (5350620.13)   00000 (  5.1%),2065,370,615,150,405,40,480,330,150
5350621,0621.00 (5350621.00)   00000 (  3.3%),4455,555,1445,290,1130,60,980,700,275
5350622,0622.00 (5350622.00)   00000 (  3.3%),4925,735,1455,340,1140,130,1125,795,330
5350623,0623.00 (5350623.00)   00000 (  4.9%),2990,535,945,185,685,40,600,410,185
5350624,0624.00 (5350624.00)   00000 (  4.3%),4460,625,1435,325,1175,85,810,565,245
5350625,0625.00 (5350625.00)   03111 ( 14.2%),320,65,115,15,50,10,55,40,15
5350626,0626.00 (5350626.00)   00000 (  5.3%),4905,550,1345,360,1010,110,1525,1015,510
5350630,0630.00 (5350630.00)   00001 (  7.4%),2780,525,925,230,540,45,515,380,130
5350631.02,0631.02 (5350631.02)   00000 (  2.5%),3795,475,1030,215,940,90,1045,755,290
5350631.03,0631.03 (5350631.03)   00000 (  0.6%),3665,450,930,170,915,100,1105,860,240
5350631.04,0631.04 (5350631.04)   00000 (  3.6%),4000,515,990,205,1125,90,1080,790,295
5350632,0632.00 (5350632.00)   00000 (  3.5%),3540,650,1170,165,760,65,735,530,205
5350633,0633.00 (5350633.00)   00000 (  5.6%),2735,425,915,190,670,55,470,335,130
5350634.01,0634.01 (5350634.01)   00000 (  2.5%),3425,505,815,160,760,55,1120,875,250
5350634.02,0634.02 (5350634.02)   00000 (  1.4%),3220,585,1070,245,715,55,560,420,135
5350635,0635.00 (5350635.00)   00000 (  3.9%),5095,835,1505,330,1135,125,1170,790,375
5350636,0636.00 (5350636.00)   00000 (  0.8%),2485,355,770,195,580,30,555,445,115
5350637,0637.00 (5350637.00)   00000 (  5.2%),5625,930,1615,370,1190,145,1375,965,405
5350638,0638.00 (5350638.00)   00001 (  6.1%),4805,1035,1550,420,1175,35,595,450,145
5350639,0639.00 (5350639.00)   00000 (  4.6%),3605,640,1245,195,920,60,535,400,130
5350800.01,0800.01 (5350800.01)   00000 (  2.4%),2650,380,815,145,705,45,560,370,195
5350800.02,0800.02 (5350800.02)   00000 (  5.2%),3900,755,1335,345,965,55,440,365,75
5350801.01,0801.01 (5350801.01)   00000 (  4.2%),3035,375,1070,255,710,35,590,470,120
5350801.02,0801.02 (5350801.02)   00000 (  2.7%),4900,580,1375,285,1045,115,1500,1120,385
5350802.01,0802.01 (5350802.01)   00000 (  2.3%),3095,335,825,120,735,75,1000,715,285
5350802.02,0802.02 (5350802.02)   00000 (  3.9%),4750,505,1195,195,995,105,1765,1255,505
5350803.03,0803.03 (5350803.03)   00000 (  5.1%),4550,630,1160,250,1140,105,1265,920,345
5350803.04,0803.04 (5350803.04)   00000 (  3.6%),4820,685,1205,195,1140,170,1415,965,450
5350803.05,0803.05 (5350803.05)   00000 (  4.3%),5480,675,1460,290,1385,155,1520,1115,405
5350803.06,0803.06 (5350803.06)   00000 (  2.3%),4635,595,1280,245,1105,160,1245,840,405
5350804.01,0804.01 (5350804.01)   00000 (  2.2%),6110,640,1760,350,1505,140,1720,1275,450
5350804.05,0804.05 (5350804.05)   00000 (  2.9%),5585,545,1580,330,1320,125,1685,1255,430
5350804.06,0804.06 (5350804.06)   00000 (  2.3%),2575,400,745,155,620,55,600,475,125
5350804.07,0804.07 (5350804.07)   00100 (  3.5%),3130,535,975,195,675,105,655,445,205
5350804.08,0804.08 (5350804.08)   00000 (  3.9%),3145,330,985,120,795,60,850,690,160
5350804.1,0804.10 (5350804.10)   00000 (  4.7%),4405,720,1295,310,1080,130,870,635,230
5350804.11,0804.11 (5350804.11)   00000 (  5.9%),4555,780,1455,240,1095,115,860,645,215
5350804.12,0804.12 (5350804.12)   00000 (  4.8%),5185,690,1355,300,1070,205,1570,1100,465
5350804.13,0804.13 (5350804.13)   00000 (  2.6%),4065,660,1230,230,920,105,925,735,185
5350805.04,0805.04 (5350805.04)   00000 (  2.5%),5440,625,1140,245,1340,190,1900,1405,500
5350805.06,0805.06 (5350805.06)   00000 (  4.8%),4800,655,1645,230,1070,110,1085,785,295
5350805.09,0805.09 (5350805.09)   00001 (  5.8%),4625,670,1495,220,1055,85,1100,835,265
5350805.1,0805.10 (5350805.10)   00000 (  4.4%),5285,930,1560,280,1360,150,1005,700,305
5350805.12,0805.12 (5350805.12)   00000 (  0.9%),6535,955,1735,320,1490,145,1885,1375,505
5350805.14,0805.14 (5350805.14)   00000 (  4.2%),6240,755,1545,230,1615,185,1920,1270,650
5350805.15,0805.15 (5350805.15)   00000 (  3.9%),6860,1155,1765,295,1420,200,2035,1520,515
5350805.16,0805.16 (5350805.16)   00000 (  2.5%),5430,840,1425,225,1170,120,1640,1175,465
5350805.17,0805.17 (5350805.17)   00000 (  3.0%),4370,715,1200,180,885,135,1260,960,305
5350805.18,0805.18 (5350805.18)   00000 (  2.1%),2605,380,765,160,700,40,555,425,130
5350805.19,0805.19 (5350805.19)   00000 (  4.4%),1600,275,425,85,440,50,320,255,65
5350805.2,0805.20 (5350805.20)   00000 (  2.5%),3675,420,1010,230,910,140,970,725,240
5350805.21,0805.21 (5350805.21)   00000 (  3.4%),1405,145,390,80,415,50,325,230,95
5350806,0806.00 (5350806.00)   00000 (  3.3%),1290,140,375,100,280,20,360,260,105
5350807,0807.00 (5350807.00)   00000 (  6.4%),2100,260,660,175,430,60,520,345,175
5350810.01,0810.01 (5350810.01)   00000 (  6.3%),3355,700,1290,195,705,55,415,315,100
5350810.02,0810.02 (5350810.02)   00000 (  6.5%),2075,335,675,195,480,35,350,275,75
5350810.03,0810.03 (5350810.03)   00000 (  2.7%),2655,320,865,180,680,75,545,400,140
5350810.04,0810.04 (5350810.04)   00000 (  2.5%),4625,790,1565,265,1135,90,785,570,215
5350810.05,0810.05 (5350810.05)   00000 (  3.2%),3085,330,910,175,795,60,810,585,225
5350811,0811.00 (5350811.00)   00000 (  4.3%),3095,635,1010,265,685,70,440,335,110
5350812,0812.00 (5350812.00)   00000 (  2.3%),5275,885,1710,425,1240,150,865,630,235
5350820.03,0820.03 (5350820.03)   00000 (  4.4%),3395,490,1005,200,715,135,855,615,240
5350820.04,0820.04 (5350820.04)   00000 (  3.1%),2205,380,650,95,560,50,465,400,60
5350820.05,0820.05 (5350820.05)   00000 (  4.6%),1830,255,525,105,390,55,490,345,150
5350820.06,0820.06 (5350820.06)   00000 (  2.8%),1615,265,530,135,385,30,270,225,45
5350820.07,0820.07 (5350820.07)   00001 (  6.5%),3465,495,930,135,840,60,1005,705,295
5350830,0830.00 (5350830.00)   00000 (  4.0%),4055,620,1305,280,875,60,910,675,240
5350831.01,0831.01 (5350831.01)   00000 (  3.2%),4705,670,1405,320,1065,85,1165,900,265
5350831.02,0831.02 (5350831.02)   00000 (  4.6%),5550,765,1620,405,1315,140,1305,1005,300
5350832,0832.00 (5350832.00)   00000 (  5.0%),3340,465,965,295,910,105,610,480,130
