CTUID,Geography,Total - Sex,  Male,  Female
5350001.00,0001.00 (5350001.00)   00000 (  2.7%),595,310,285
5350002.00,0002.00 (5350002.00)   00100 (  9.0%),620,305,315
5350003.00,0003.00 (5350003.00)   02100 ( 28.3%),755,370,380
5350004.00,0004.00 (5350004.00)   00100 (  6.6%),6685,3395,3290
5350005.00,0005.00 (5350005.00)   00000 (  4.9%),6420,3090,3330
5350007.01,0007.01 (5350007.01)   00000 (  4.8%),3235,1665,1570
5350007.02,0007.02 (5350007.02)   00100 (  5.1%),4750,2430,2320
5350008.01,0008.01 (5350008.01)   00000 (  4.8%),7500,3755,3745
5350008.02,0008.02 (5350008.02)   00000 (  4.4%),9940,4860,5085
5350009.00,0009.00 (5350009.00)   03100 ( 32.4%),565,350,220
5350010.01,0010.01 (5350010.01)   00000 (  4.0%),5425,2580,2845
5350010.02,0010.02 (5350010.02)   00100 (  6.8%),7745,3870,3870
5350011.00,0011.00 (5350011.00)   00100 (  6.1%),17555,9055,8495
5350012.01,0012.01 (5350012.01)   00100 (  5.0%),11655,5820,5840
5350012.03,0012.03 (5350012.03)   00100 (  4.8%),8865,4695,4175
5350012.04,0012.04 (5350012.04)   00000 (  4.8%),4900,2465,2435
5350013.01,0013.01 (5350013.01)   00000 (  5.0%),6290,3150,3140
5350013.02,0013.02 (5350013.02)   00000 (  4.3%),8125,4090,4030
5350014.00,0014.00 (5350014.00)   00100 (  7.9%),1240,660,580
5350015.00,0015.00 (5350015.00)   00000 (  4.2%),3665,1810,1860
5350016.00,0016.00 (5350016.00)   00000 (  6.3%),10105,5195,4910
5350017.00,0017.00 (5350017.00)   00000 (  4.6%),7905,3715,4190
5350018.00,0018.00 (5350018.00)   00100 (  5.6%),2455,1255,1205
5350019.00,0019.00 (5350019.00)   00100 (  6.8%),3255,1615,1645
5350020.00,0020.00 (5350020.00)   00000 (  3.0%),2390,1105,1285
5350021.00,0021.00 (5350021.00)   00000 (  3.9%),5200,2405,2795
5350022.00,0022.00 (5350022.00)   00000 (  2.6%),3880,1915,1965
5350023.00,0023.00 (5350023.00)   00000 (  2.4%),3205,1525,1680
5350024.00,0024.00 (5350024.00)   00000 (  3.5%),6885,3285,3600
5350025.00,0025.00 (5350025.00)   00000 (  3.6%),3460,1720,1730
5350026.00,0026.00 (5350026.00)   00000 (  2.8%),6485,3195,3290
5350027.00,0027.00 (5350027.00)   00000 (  4.1%),4390,2175,2220
5350028.01,0028.01 (5350028.01)   00000 (  3.3%),1385,670,715
5350028.02,0028.02 (5350028.02)   00000 (  5.7%),6200,3075,3125
5350029.00,0029.00 (5350029.00)   00000 (  3.7%),6985,3520,3465
5350030.00,0030.00 (5350030.00)   00100 (  5.6%),4530,2395,2135
5350031.00,0031.00 (5350031.00)   00100 (  3.6%),6270,3130,3135
5350032.00,0032.00 (5350032.00)   01100 ( 17.6%),5360,3455,1905
5350033.00,0033.00 (5350033.00)   01100 ( 10.7%),5045,3000,2040
5350034.01,0034.01 (5350034.01)   01200 ( 15.2%),4555,2400,2150
5350034.02,0034.02 (5350034.02)   00100 (  6.6%),5145,2770,2375
5350035.00,0035.00 (5350035.00)   00100 (  5.0%),9880,4655,5220
5350036.00,0036.00 (5350036.00)   00100 (  5.0%),5490,2635,2855
5350037.00,0037.00 (5350037.00)   00100 (  7.0%),4490,2210,2280
5350038.00,0038.00 (5350038.00)   00100 (  7.9%),3775,1885,1885
5350039.00,0039.00 (5350039.00)   00100 (  5.0%),4190,2035,2160
5350040.00,0040.00 (5350040.00)   00100 (  3.4%),4570,2235,2335
5350041.00,0041.00 (5350041.00)   00000 (  3.3%),3450,1750,1705
5350042.00,0042.00 (5350042.00)   00100 (  4.0%),4570,2205,2360
5350043.00,0043.00 (5350043.00)   00100 (  5.6%),3960,1995,1970
5350044.00,0044.00 (5350044.00)   00100 (  7.0%),8825,4240,4580
5350045.00,0045.00 (5350045.00)   00100 (  7.2%),3455,1765,1690
5350046.00,0046.00 (5350046.00)   00000 (  3.3%),3280,1630,1650
5350047.02,0047.02 (5350047.02)   00100 (  4.3%),3790,1995,1795
5350047.03,0047.03 (5350047.03)   00000 (  3.6%),700,360,340
5350047.04,0047.04 (5350047.04)   00100 (  4.0%),2845,1400,1445
5350048.00,0048.00 (5350048.00)   00000 (  4.2%),3555,1750,1805
5350049.00,0049.00 (5350049.00)   01000 ( 10.0%),3665,1685,1985
5350050.01,0050.01 (5350050.01)   00000 (  3.3%),8750,4030,4720
5350050.03,0050.03 (5350050.03)   00000 (  4.4%),1110,515,595
5350050.04,0050.04 (5350050.04)   00000 (  3.0%),5010,2315,2695
5350051.00,0051.00 (5350051.00)   00000 (  5.0%),5400,2625,2775
5350052.00,0052.00 (5350052.00)   00000 (  4.0%),4075,1935,2145
5350053.00,0053.00 (5350053.00)   00100 (  4.2%),5985,2980,3000
5350054.00,0054.00 (5350054.00)   00100 (  4.1%),5805,2845,2955
5350055.00,0055.00 (5350055.00)   00000 (  4.2%),2760,1345,1420
5350056.00,0056.00 (5350056.00)   00100 (  4.1%),4770,2270,2500
5350057.00,0057.00 (5350057.00)   00100 (  5.5%),2310,1105,1205
5350058.00,0058.00 (5350058.00)   00100 (  4.8%),3980,1955,2020
5350059.00,0059.00 (5350059.00)   00100 (  7.6%),3835,1875,1960
5350060.00,0060.00 (5350060.00)   00100 (  4.1%),2685,1390,1295
5350061.00,0061.00 (5350061.00)   02300 ( 27.7%),1085,520,565
5350062.01,0062.01 (5350062.01)   00100 (  4.1%),5595,2550,3045
5350062.02,0062.02 (5350062.02)   00100 (  5.6%),9085,4330,4760
5350063.03,0063.03 (5350063.03)   00100 (  5.2%),5105,2735,2365
5350063.04,0063.04 (5350063.04)   00100 (  7.3%),3370,2035,1330
5350063.05,0063.05 (5350063.05)   00100 (  5.1%),4330,2225,2105
5350063.06,0063.06 (5350063.06)   00100 (  5.1%),5170,3150,2020
5350064.00,0064.00 (5350064.00)   00100 (  7.5%),4310,2535,1775
5350065.01,0065.01 (5350065.01)   00100 (  6.0%),2480,1410,1075
5350065.02,0065.02 (5350065.02)   00000 (  4.3%),11820,5935,5885
5350066.00,0066.00 (5350066.00)   00100 (  8.5%),7610,4405,3200
5350067.00,0067.00 (5350067.00)   00000 (  3.8%),1690,905,785
5350068.00,0068.00 (5350068.00)   00000 (  2.8%),2370,1255,1115
5350069.00,0069.00 (5350069.00)   00000 (  2.6%),4925,2440,2480
5350070.00,0070.00 (5350070.00)   00100 (  6.8%),3515,1685,1825
5350071.00,0071.00 (5350071.00)   00000 (  2.7%),3485,1690,1790
5350072.01,0072.01 (5350072.01)   00000 (  3.4%),4590,2175,2410
5350072.02,0072.02 (5350072.02)   00000 (  3.4%),3140,1580,1560
5350073.00,0073.00 (5350073.00)   00000 (  3.2%),2605,1315,1290
5350074.00,0074.00 (5350074.00)   00000 (  3.2%),3850,1900,1950
5350075.00,0075.00 (5350075.00)   00000 (  3.1%),4085,1905,2175
5350076.00,0076.00 (5350076.00)   00000 (  2.8%),4415,2055,2360
5350077.00,0077.00 (5350077.00)   00000 (  2.7%),4670,2280,2385
5350078.00,0078.00 (5350078.00)   00000 (  3.9%),6015,2950,3065
5350079.00,0079.00 (5350079.00)   00000 (  3.0%),7330,3425,3900
5350080.01,0080.01 (5350080.01)   00000 (  2.7%),3355,1595,1760
5350080.02,0080.02 (5350080.02)   00000 (  4.9%),4685,2300,2380
5350081.00,0081.00 (5350081.00)   00000 (  2.1%),2850,1385,1465
5350082.00,0082.00 (5350082.00)   00000 (  2.5%),2765,1360,1405
5350083.00,0083.00 (5350083.00)   00000 (  3.6%),4050,2045,2005
5350084.00,0084.00 (5350084.00)   00000 (  5.0%),3810,1850,1965
5350085.00,0085.00 (5350085.00)   00000 (  3.7%),3995,2015,1980
5350086.00,0086.00 (5350086.00)   00000 (  2.6%),2660,1280,1385
5350087.00,0087.00 (5350087.00)   00100 (  3.9%),5155,2360,2800
5350088.00,0088.00 (5350088.00)   00000 (  6.7%),3255,1525,1725
5350089.00,0089.00 (5350089.00)   00100 (  9.4%),3895,1785,2105
5350090.00,0090.00 (5350090.00)   00000 (  7.0%),4145,1785,2355
5350091.01,0091.01 (5350091.01)   01100 ( 11.2%),6030,2905,3125
5350091.02,0091.02 (5350091.02)   00100 (  5.4%),3525,1695,1825
5350092.00,0092.00 (5350092.00)   00100 (  5.3%),7275,3530,3750
5350093.00,0093.00 (5350093.00)   00000 (  6.3%),5655,2655,2995
5350094.00,0094.00 (5350094.00)   00000 (  3.6%),4950,2365,2585
5350095.00,0095.00 (5350095.00)   00100 (  4.8%),3095,1535,1555
5350096.01,0096.01 (5350096.01)   00100 (  2.8%),1660,825,835
5350096.02,0096.02 (5350096.02)   00100 (  3.8%),3335,1670,1670
5350097.01,0097.01 (5350097.01)   00100 (  5.9%),4320,2165,2155
5350097.03,0097.03 (5350097.03)   00100 (  4.9%),1205,690,515
5350097.04,0097.04 (5350097.04)   00100 (  4.2%),5465,2725,2740
5350098.00,0098.00 (5350098.00)   00000 (  3.8%),7100,3410,3690
5350099.00,0099.00 (5350099.00)   00000 (  3.9%),6585,3210,3375
5350100.00,0100.00 (5350100.00)   00100 (  7.1%),2955,1390,1565
5350101.00,0101.00 (5350101.00)   00000 (  4.1%),3125,1530,1595
5350102.02,0102.02 (5350102.02)   00000 (  5.0%),4315,1940,2370
5350102.03,0102.03 (5350102.03)   00000 (  4.1%),3680,1725,1955
5350102.04,0102.04 (5350102.04)   00000 (  3.1%),670,330,345
5350102.05,0102.05 (5350102.05)   00000 (  3.0%),865,395,465
5350103.00,0103.00 (5350103.00)   00000 (  4.7%),6050,2815,3235
5350104.00,0104.00 (5350104.00)   00000 (  2.1%),5525,2620,2910
5350105.00,0105.00 (5350105.00)   00100 (  7.0%),4510,2215,2295
5350106.00,0106.00 (5350106.00)   00000 (  3.4%),3775,1880,1895
5350107.00,0107.00 (5350107.00)   00100 (  3.4%),5085,2520,2570
5350108.00,0108.00 (5350108.00)   00100 (  3.5%),6015,3060,2955
5350109.00,0109.00 (5350109.00)   00000 (  3.2%),5500,2700,2800
5350110.00,0110.00 (5350110.00)   00100 (  3.2%),3575,1765,1810
5350111.00,0111.00 (5350111.00)   00100 (  3.8%),2510,1220,1290
5350112.00,0112.00 (5350112.00)   00000 (  3.9%),5295,2650,2650
5350113.00,0113.00 (5350113.00)   00000 (  3.3%),2755,1330,1425
5350114.00,0114.00 (5350114.00)   00000 (  5.0%),5350,2475,2875
5350115.00,0115.00 (5350115.00)   00000 (  8.1%),4370,1980,2390
5350116.00,0116.00 (5350116.00)   00000 (  9.2%),4630,2190,2435
5350117.00,0117.00 (5350117.00)   00000 (  4.1%),2215,1075,1135
5350118.00,0118.00 (5350118.00)   00000 (  4.4%),4125,1910,2220
5350119.00,0119.00 (5350119.00)   00000 (  4.2%),4630,2100,2530
5350120.00,0120.00 (5350120.00)   00000 (  2.7%),1380,660,720
5350121.00,0121.00 (5350121.00)   00000 (  5.7%),2660,1165,1495
5350122.00,0122.00 (5350122.00)   00000 (  3.3%),6220,2720,3505
5350123.00,0123.00 (5350123.00)   00000 (  5.2%),2265,1085,1185
5350124.00,0124.00 (5350124.00)   00000 (  4.2%),5415,2325,3090
5350125.00,0125.00 (5350125.00)   00000 (  1.5%),4445,2175,2275
5350126.00,0126.00 (5350126.00)   00000 (  2.1%),4245,1955,2295
5350127.00,0127.00 (5350127.00)   00000 (  2.0%),5450,2595,2855
5350128.02,0128.02 (5350128.02)   00000 (  6.2%),8705,3940,4765
5350128.04,0128.04 (5350128.04)   00000 (  4.9%),4695,2025,2675
5350128.05,0128.05 (5350128.05)   01000 ( 14.8%),945,405,540
5350128.06,0128.06 (5350128.06)   00000 (  3.6%),4195,1985,2210
5350129.00,0129.00 (5350129.00)   00000 (  3.0%),5770,2685,3080
5350130.00,0130.00 (5350130.00)   00000 (  5.4%),3545,1685,1855
5350131.00,0131.00 (5350131.00)   00000 (  3.0%),5310,2425,2885
5350132.00,0132.00 (5350132.00)   00000 (  2.7%),5465,2540,2930
5350133.00,0133.00 (5350133.00)   00000 (  3.3%),7340,3245,4100
5350134.00,0134.00 (5350134.00)   00000 (  2.6%),2960,1405,1555
5350135.00,0135.00 (5350135.00)   00000 (  3.5%),6045,2830,3215
5350136.01,0136.01 (5350136.01)   00000 (  4.3%),6125,2775,3355
5350136.02,0136.02 (5350136.02)   00000 (  4.4%),4980,2210,2770
5350137.00,0137.00 (5350137.00)   00000 (  3.6%),7080,3245,3830
5350138.00,0138.00 (5350138.00)   00000 (  1.9%),3105,1430,1675
5350139.01,0139.01 (5350139.01)   00000 (  2.9%),4165,1935,2230
5350139.02,0139.02 (5350139.02)   00000 (  2.6%),2540,1225,1315
5350140.00,0140.00 (5350140.00)   00000 (  2.0%),2405,1190,1220
5350141.01,0141.01 (5350141.01)   00000 (  1.9%),4320,2070,2250
5350141.02,0141.02 (5350141.02)   00000 (  1.8%),4475,2195,2280
5350142.00,0142.00 (5350142.00)   00000 (  3.1%),5810,2785,3025
5350150.00,0150.00 (5350150.00)   00000 (  2.0%),4200,2050,2145
5350151.00,0151.00 (5350151.00)   00000 (  3.7%),3785,1700,2090
5350152.00,0152.00 (5350152.00)   00000 (  2.5%),4545,2175,2375
5350153.00,0153.00 (5350153.00)   00000 (  3.6%),4465,2180,2280
5350154.00,0154.00 (5350154.00)   00000 (  3.2%),6155,2865,3295
5350155.00,0155.00 (5350155.00)   00000 (  5.0%),3130,1545,1585
5350156.01,0156.01 (5350156.01)   00000 (  4.3%),5690,2775,2915
5350156.02,0156.02 (5350156.02)   00000 (  3.6%),2810,1395,1420
5350157.00,0157.00 (5350157.00)   00100 (  4.3%),2635,1260,1380
5350158.00,0158.00 (5350158.00)   00100 (  4.4%),2845,1285,1560
5350159.01,0159.01 (5350159.01)   00000 (  3.4%),3490,1755,1730
5350159.02,0159.02 (5350159.02)   00000 (  3.1%),4725,2305,2415
5350160.00,0160.00 (5350160.00)   00000 (  3.9%),3115,1555,1555
5350161.00,0161.00 (5350161.00)   00000 (  3.0%),6835,3365,3475
5350162.00,0162.00 (5350162.00)   00000 (  5.2%),5120,2435,2680
5350163.00,0163.00 (5350163.00)   00000 (  3.5%),4360,2110,2250
5350164.00,0164.00 (5350164.00)   00100 (  4.2%),6255,3025,3230
5350165.00,0165.00 (5350165.00)   00000 (  3.4%),4370,2055,2315
5350166.00,0166.00 (5350166.00)   00000 (  4.1%),4180,1975,2205
5350167.01,0167.01 (5350167.01)   00000 (  4.4%),1880,780,1100
5350167.02,0167.02 (5350167.02)   00000 (  4.4%),5815,2590,3220
5350168.00,0168.00 (5350168.00)   00100 (  3.6%),5475,2515,2960
5350169.01,0169.01 (5350169.01)   00000 (  4.3%),3475,1605,1865
5350169.02,0169.02 (5350169.02)   00000 (  3.2%),7465,3395,4065
5350170.00,0170.00 (5350170.00)   00000 (  3.1%),3320,1625,1695
5350171.00,0171.00 (5350171.00)   00100 (  7.5%),4055,1865,2190
5350172.00,0172.00 (5350172.00)   00100 (  4.6%),2520,1230,1285
5350173.00,0173.00 (5350173.00)   00100 (  5.3%),3695,1785,1910
5350174.00,0174.00 (5350174.00)   00000 (  6.1%),7260,3380,3880
5350175.01,0175.01 (5350175.01)   00100 (  6.1%),6040,2770,3270
5350175.02,0175.02 (5350175.02)   00100 (  4.7%),7680,3685,3990
5350176.00,0176.00 (5350176.00)   00000 (  3.8%),4270,2085,2190
5350180.00,0180.00 (5350180.00)   00000 (  5.5%),6560,3090,3465
5350181.01,0181.01 (5350181.01)   00000 (  3.1%),4310,2045,2265
5350181.02,0181.02 (5350181.02)   00000 (  3.7%),3550,1775,1780
5350182.00,0182.00 (5350182.00)   00000 (  3.0%),5535,2705,2825
5350183.01,0183.01 (5350183.01)   00000 (  2.4%),2605,1270,1335
5350183.02,0183.02 (5350183.02)   00000 (  1.9%),3940,1900,2040
5350184.01,0184.01 (5350184.01)   00000 (  3.4%),5105,2385,2725
5350184.02,0184.02 (5350184.02)   00000 (  2.7%),3765,1825,1940
5350185.01,0185.01 (5350185.01)   00000 (  3.5%),6810,3255,3555
5350185.02,0185.02 (5350185.02)   00000 (  4.3%),4685,2205,2485
5350186.00,0186.00 (5350186.00)   00000 (  1.6%),2420,1155,1260
5350187.00,0187.00 (5350187.00)   00000 (  2.5%),3445,1735,1715
5350188.00,0188.00 (5350188.00)   00000 (  2.7%),2020,990,1025
5350189.00,0189.00 (5350189.00)   00000 (  4.2%),5460,2550,2915
5350190.01,0190.01 (5350190.01)   00000 (  2.9%),9125,4620,4510
5350190.02,0190.02 (5350190.02)   00000 (  3.3%),4765,2275,2485
5350191.00,0191.00 (5350191.00)   00000 (  2.8%),4230,2100,2125
5350192.00,0192.00 (5350192.00)   00000 (  2.8%),900,445,460
5350193.00,0193.00 (5350193.00)   00000 (  2.4%),3315,1640,1680
5350194.01,0194.01 (5350194.01)   00000 (  2.5%),5495,2790,2705
5350194.02,0194.02 (5350194.02)   00000 (  5.3%),6240,3105,3130
5350194.03,0194.03 (5350194.03)   00000 (  3.0%),2935,1320,1615
5350194.04,0194.04 (5350194.04)   00000 (  2.3%),6435,3080,3355
5350195.01,0195.01 (5350195.01)   00000 (  2.8%),4480,2130,2355
5350195.02,0195.02 (5350195.02)   00000 (  2.3%),2315,1105,1210
5350196.01,0196.01 (5350196.01)   00000 (  1.4%),1980,910,1065
5350196.02,0196.02 (5350196.02)   00000 (  2.7%),5635,2720,2915
5350200.01,0200.01 (5350200.01)   00000 (  3.9%),5615,2685,2930
5350200.02,0200.02 (5350200.02)   00000 (  4.4%),980,485,500
5350201.00,0201.00 (5350201.00)   00000 (  4.1%),5370,2600,2770
5350202.00,0202.00 (5350202.00)   00000 (  2.5%),1645,805,845
5350203.00,0203.00 (5350203.00)   00000 (  3.2%),3160,1475,1680
5350204.00,0204.00 (5350204.00)   00000 (  4.1%),4535,2215,2320
5350206.01,0206.01 (5350206.01)   00000 (  3.5%),4220,2055,2160
5350206.02,0206.02 (5350206.02)   00000 (  3.4%),5865,2955,2905
5350207.00,0207.00 (5350207.00)   00000 (  3.2%),2605,1345,1255
5350208.00,0208.00 (5350208.00)   00000 (  3.7%),4175,1995,2175
5350209.00,0209.00 (5350209.00)   00000 (  4.0%),2715,1310,1405
5350210.01,0210.01 (5350210.01)   01000 ( 10.4%),3080,1745,1335
5350210.02,0210.02 (5350210.02)   00000 (  4.2%),11390,5425,5965
5350211.00,0211.00 (5350211.00)   00000 (  2.9%),6345,3120,3225
5350212.00,0212.00 (5350212.00)   00000 (  2.9%),5700,2765,2940
5350213.01,0213.01 (5350213.01)   00000 (  2.1%),2665,1335,1325
5350213.02,0213.02 (5350213.02)   00000 (  5.6%),6050,2915,3135
5350214.00,0214.00 (5350214.00)   00000 (  2.8%),5070,2465,2605
5350215.00,0215.00 (5350215.00)   00000 (  2.8%),6750,3250,3500
5350216.00,0216.00 (5350216.00)   00000 (  2.9%),5535,2715,2815
5350217.00,0217.00 (5350217.00)   00000 (  3.7%),5695,2850,2840
5350218.00,0218.00 (5350218.00)   00000 (  2.1%),2655,1315,1340
5350219.00,0219.00 (5350219.00)   00000 (  1.9%),4430,2125,2300
5350220.00,0220.00 (5350220.00)   00000 (  3.4%),4180,2035,2140
5350221.01,0221.01 (5350221.01)   00000 (  2.2%),6380,2890,3485
5350221.02,0221.02 (5350221.02)   00000 (  5.0%),5205,2530,2675
5350222.01,0222.01 (5350222.01)   00000 (  2.8%),6695,3245,3450
5350222.02,0222.02 (5350222.02)   00000 (  5.1%),5140,2460,2680
5350223.01,0223.01 (5350223.01)   00000 (  2.6%),1520,750,775
5350223.02,0223.02 (5350223.02)   00000 (  2.5%),2135,1050,1085
5350224.00,0224.00 (5350224.00)   00000 (  2.0%),1695,830,870
5350225.01,0225.01 (5350225.01)   00000 (  3.1%),4980,2280,2700
5350225.02,0225.02 (5350225.02)   00000 (  5.4%),9710,4445,5260
5350226.00,0226.00 (5350226.00)   00000 (  2.5%),3165,1505,1660
5350227.00,0227.00 (5350227.00)   00000 (  2.0%),1750,830,920
5350228.00,0228.00 (5350228.00)   00000 (  3.2%),3135,1430,1705
5350229.00,0229.00 (5350229.00)   00000 (  6.0%),1225,575,645
5350230.01,0230.01 (5350230.01)   00000 (  3.3%),2535,1175,1360
5350230.02,0230.02 (5350230.02)   00000 (  4.8%),6540,2980,3560
5350231.00,0231.00 (5350231.00)   00000 (  2.5%),6460,3150,3310
5350232.00,0232.00 (5350232.00)   00000 (  2.2%),3825,1865,1960
5350233.00,0233.00 (5350233.00)   00000 (  1.8%),5530,2735,2795
5350234.00,0234.00 (5350234.00)   00000 (  2.6%),4520,2160,2360
5350235.01,0235.01 (5350235.01)   00000 (  2.5%),2840,1405,1435
5350235.02,0235.02 (5350235.02)   00000 (  2.8%),5280,2540,2735
5350236.01,0236.01 (5350236.01)   00000 (  4.1%),6645,3100,3550
5350236.02,0236.02 (5350236.02)   00000 (  2.5%),5945,2805,3140
5350237.01,0237.01 (5350237.01)   00000 (  3.0%),6815,3260,3555
5350237.02,0237.02 (5350237.02)   00000 (  2.4%),2985,1495,1490
5350237.03,0237.03 (5350237.03)   00000 (  3.3%),5640,2605,3035
5350238.01,0238.01 (5350238.01)   00000 (  1.6%),3350,1660,1690
5350238.02,0238.02 (5350238.02)   00000 (  2.4%),5245,2540,2700
5350239.00,0239.00 (5350239.00)   00000 (  3.0%),6480,3010,3470
5350240.01,0240.01 (5350240.01)   00000 (  1.9%),3365,1615,1750
5350240.02,0240.02 (5350240.02)   00000 (  4.2%),6040,2635,3415
5350241.00,0241.00 (5350241.00)   00000 (  9.4%),3230,1495,1735
5350242.00,0242.00 (5350242.00)   00000 (  3.4%),1675,765,910
5350243.01,0243.01 (5350243.01)   00000 (  4.0%),6660,3260,3395
5350243.02,0243.02 (5350243.02)   00000 (  3.2%),3615,1770,1850
5350244.01,0244.01 (5350244.01)   00000 (  2.9%),5680,2790,2885
5350244.02,0244.02 (5350244.02)   00000 (  3.4%),3780,1730,2050
5350245.00,0245.00 (5350245.00)   00000 (  3.2%),6935,3380,3555
5350246.00,0246.00 (5350246.00)   00000 (  6.0%),3595,1755,1840
5350247.01,0247.01 (5350247.01)   00000 (  3.8%),8725,4335,4390
5350247.02,0247.02 (5350247.02)   00000 (  2.5%),7170,3615,3550
5350248.02,0248.02 (5350248.02)   00000 (  4.5%),5670,2635,3040
5350248.03,0248.03 (5350248.03)   00000 (  3.5%),2620,1330,1290
5350248.04,0248.04 (5350248.04)   00100 (  5.2%),4770,2350,2430
5350248.05,0248.05 (5350248.05)   00100 (  5.4%),4330,2180,2155
5350249.01,0249.01 (5350249.01)   00000 (  1.9%),4645,2305,2345
5350249.03,0249.03 (5350249.03)   00000 (  2.6%),5695,2810,2885
5350249.04,0249.04 (5350249.04)   00000 (  2.7%),3345,1670,1670
5350249.05,0249.05 (5350249.05)   00000 (  2.8%),5475,2730,2750
5350250.01,0250.01 (5350250.01)   00000 (  4.7%),5430,2665,2770
5350250.02,0250.02 (5350250.02)   00000 (  3.4%),4925,2395,2535
5350250.04,0250.04 (5350250.04)   00100 (  4.7%),6205,3030,3180
5350250.05,0250.05 (5350250.05)   00000 (  3.0%),7605,3705,3900
5350260.01,0260.01 (5350260.01)   00000 (  2.4%),6745,3255,3490
5350260.04,0260.04 (5350260.04)   00000 (  3.1%),4150,2020,2125
5350260.05,0260.05 (5350260.05)   00100 (  2.7%),4020,1955,2070
5350260.06,0260.06 (5350260.06)   00000 (  2.4%),3350,1610,1735
5350260.07,0260.07 (5350260.07)   00000 (  2.9%),3670,1700,1975
5350261.00,0261.00 (5350261.00)   00000 (  6.5%),5500,2420,3085
5350262.01,0262.01 (5350262.01)   00000 (  3.4%),5735,2670,3065
5350262.02,0262.02 (5350262.02)   00000 (  3.6%),6275,3020,3250
5350263.02,0263.02 (5350263.02)   00000 (  4.9%),3470,1575,1895
5350263.03,0263.03 (5350263.03)   00000 (  7.5%),4905,2240,2665
5350263.04,0263.04 (5350263.04)   00000 (  4.1%),6535,2925,3605
5350264.00,0264.00 (5350264.00)   00000 (  3.0%),1300,595,700
5350265.00,0265.00 (5350265.00)   00000 (  2.6%),4755,2285,2470
5350266.00,0266.00 (5350266.00)   00000 (  2.4%),3205,1575,1635
5350267.00,0267.00 (5350267.00)   00000 (  1.2%),6365,3170,3200
5350268.00,0268.00 (5350268.00)   00000 (  2.9%),6415,2905,3510
5350269.01,0269.01 (5350269.01)   00000 (  3.7%),5055,2370,2685
5350269.02,0269.02 (5350269.02)   00000 (  2.3%),2570,1240,1325
5350270.01,0270.01 (5350270.01)   00000 (  2.8%),4980,2360,2620
5350270.02,0270.02 (5350270.02)   00000 (  3.1%),4265,2065,2195
5350271.01,0271.01 (5350271.01)   00000 (  2.8%),2430,1155,1275
5350271.02,0271.02 (5350271.02)   00000 (  2.8%),4815,2325,2490
5350272.01,0272.01 (5350272.01)   00000 (  3.4%),5990,2740,3240
5350272.02,0272.02 (5350272.02)   00000 (  3.1%),4705,2190,2520
5350273.01,0273.01 (5350273.01)   00000 (  4.6%),4015,1965,2050
5350273.02,0273.02 (5350273.02)   00000 (  2.2%),4160,1955,2205
5350274.01,0274.01 (5350274.01)   00000 (  2.1%),4900,2390,2510
5350274.02,0274.02 (5350274.02)   00000 (  2.6%),4740,2215,2525
5350275.00,0275.00 (5350275.00)   00000 (  2.6%),5835,2725,3110
5350276.01,0276.01 (5350276.01)   00000 (  3.1%),6450,2865,3580
5350276.02,0276.02 (5350276.02)   00000 (  2.0%),6870,3260,3610
5350277.00,0277.00 (5350277.00)   00000 (  2.8%),4085,1995,2085
5350278.00,0278.00 (5350278.00)   00000 (  3.5%),7735,3610,4125
5350279.01,0279.01 (5350279.01)   00000 (  3.1%),4030,1895,2135
5350279.02,0279.02 (5350279.02)   00000 (  8.7%),6505,2975,3530
5350280.00,0280.00 (5350280.00)   00000 (  3.1%),7330,3425,3905
5350281.01,0281.01 (5350281.01)   00000 (  3.1%),6480,2955,3530
5350281.02,0281.02 (5350281.02)   00000 (  3.3%),3940,1845,2095
5350282.00,0282.00 (5350282.00)   00000 (  2.4%),4480,2180,2295
5350283.01,0283.01 (5350283.01)   00000 (  5.3%),5400,2455,2940
5350283.02,0283.02 (5350283.02)   00000 (  4.4%),4540,1995,2550
5350284.00,0284.00 (5350284.00)   00000 (  3.5%),6840,3275,3570
5350285.00,0285.00 (5350285.00)   00000 (  2.9%),3270,1575,1695
5350286.00,0286.00 (5350286.00)   00000 (  4.1%),4270,1995,2280
5350287.02,0287.02 (5350287.02)   00000 (  6.1%),6730,2855,3875
5350287.03,0287.03 (5350287.03)   00000 (  3.5%),3430,1460,1975
5350287.04,0287.04 (5350287.04)   00000 (  3.7%),4470,1935,2540
5350288.00,0288.00 (5350288.00)   00000 (  3.3%),9970,4670,5300
5350289.00,0289.00 (5350289.00)   00000 (  3.3%),4715,2280,2430
5350290.01,0290.01 (5350290.01)   00000 (  4.2%),3620,1735,1885
5350290.02,0290.02 (5350290.02)   00000 (  3.7%),1535,730,805
5350291.02,0291.02 (5350291.02)   00000 (  3.9%),4950,2285,2660
5350291.03,0291.03 (5350291.03)   00000 (  2.8%),2300,1105,1200
5350291.04,0291.04 (5350291.04)   00000 (  2.8%),1585,770,810
5350292.00,0292.00 (5350292.00)   00000 (  4.1%),6720,3285,3435
5350293.00,0293.00 (5350293.00)   00000 (  3.0%),6245,2985,3260
5350294.01,0294.01 (5350294.01)   00000 (  3.6%),4390,2070,2310
5350294.02,0294.02 (5350294.02)   00000 (  3.3%),4505,2185,2320
5350295.00,0295.00 (5350295.00)   00000 (  3.1%),5180,2535,2645
5350296.00,0296.00 (5350296.00)   00900 (  4.0%),65,25,35
5350297.01,0297.01 (5350297.01)   00000 (  4.4%),7310,3290,4025
5350297.02,0297.02 (5350297.02)   00000 (  2.4%),6500,3140,3360
5350298.00,0298.00 (5350298.00)   00000 (  1.7%),4660,2200,2460
5350299.01,0299.01 (5350299.01)   00000 (  3.6%),6260,3005,3250
5350299.02,0299.02 (5350299.02)   00000 (  3.6%),5245,2465,2780
5350300.00,0300.00 (5350300.00)   00000 (  3.1%),13665,6535,7130
5350301.01,0301.01 (5350301.01)   00000 (  2.4%),2915,1370,1540
5350301.03,0301.03 (5350301.03)   00100 (  3.4%),6950,3500,3450
5350301.04,0301.04 (5350301.04)   00100 (  3.2%),5860,2810,3055
5350302.01,0302.01 (5350302.01)   00000 (  1.8%),6250,2915,3340
5350302.02,0302.02 (5350302.02)   00000 (  2.8%),6140,2995,3150
5350302.03,0302.03 (5350302.03)   00000 (  2.6%),3425,1685,1740
5350303.00,0303.00 (5350303.00)   00000 (  2.5%),5355,2625,2730
5350304.01,0304.01 (5350304.01)   00000 (  2.7%),4545,2190,2350
5350304.02,0304.02 (5350304.02)   00000 (  4.2%),4775,2185,2595
5350304.03,0304.03 (5350304.03)   00000 (  2.3%),2895,1320,1575
5350304.04,0304.04 (5350304.04)   00000 (  3.1%),3725,1800,1925
5350304.05,0304.05 (5350304.05)   00000 (  2.8%),2845,1315,1535
5350304.06,0304.06 (5350304.06)   00000 (  2.5%),5805,2775,3030
5350305.01,0305.01 (5350305.01)   00000 (  2.2%),4450,2170,2280
5350305.03,0305.03 (5350305.03)   00000 (  3.6%),4910,2295,2620
5350305.04,0305.04 (5350305.04)   00100 (  5.0%),9135,4240,4890
5350306.01,0306.01 (5350306.01)   00000 (  2.9%),4575,2165,2405
5350306.02,0306.02 (5350306.02)   00000 (  2.8%),4795,2285,2510
5350307.03,0307.03 (5350307.03)   00100 (  3.9%),5040,2280,2760
5350307.04,0307.04 (5350307.04)   00000 (  3.4%),7035,3265,3770
5350307.05,0307.05 (5350307.05)   00100 (  3.5%),3580,1610,1970
5350307.06,0307.06 (5350307.06)   00000 (  4.0%),5425,2555,2870
5350307.07,0307.07 (5350307.07)   00100 (  3.2%),6320,2990,3335
5350308.02,0308.02 (5350308.02)   00000 (  2.8%),4310,2135,2170
5350308.03,0308.03 (5350308.03)   00000 (  2.2%),1145,590,555
5350308.04,0308.04 (5350308.04)   00000 (  4.0%),11475,5260,6220
5350309.00,0309.00 (5350309.00)   00000 (  4.8%),6380,2870,3510
5350310.01,0310.01 (5350310.01)   00000 (  3.3%),3515,1750,1765
5350310.02,0310.02 (5350310.02)   00000 (  3.1%),5045,2470,2580
5350311.02,0311.02 (5350311.02)   00000 (  3.3%),5825,2795,3030
5350311.03,0311.03 (5350311.03)   00000 (  2.8%),2650,1285,1370
5350311.04,0311.04 (5350311.04)   00000 (  2.7%),6555,3065,3485
5350311.05,0311.05 (5350311.05)   00100 (  3.8%),6825,3495,3330
5350311.06,0311.06 (5350311.06)   00100 (  5.4%),5745,3010,2735
5350312.02,0312.02 (5350312.02)   00000 (  3.2%),3445,1655,1795
5350312.03,0312.03 (5350312.03)   00000 (  3.7%),6420,2975,3450
5350312.04,0312.04 (5350312.04)   00000 (  5.9%),5765,2695,3065
5350312.05,0312.05 (5350312.05)   00100 (  4.4%),3835,1735,2100
5350312.06,0312.06 (5350312.06)   00000 (  2.8%),3445,1555,1890
5350312.07,0312.07 (5350312.07)   00000 (  3.1%),3075,1445,1630
5350313.00,0313.00 (5350313.00)   00000 (  3.0%),5555,2675,2880
5350314.01,0314.01 (5350314.01)   00000 (  2.7%),5040,2420,2615
5350314.02,0314.02 (5350314.02)   00000 (  3.4%),4955,2380,2575
5350315.01,0315.01 (5350315.01)   00000 (  2.8%),3365,1665,1700
5350315.02,0315.02 (5350315.02)   00000 (  2.7%),3545,1710,1840
5350315.03,0315.03 (5350315.03)   00000 (  2.5%),5505,2660,2845
5350316.01,0316.01 (5350316.01)   00000 (  5.7%),3910,1845,2060
5350316.03,0316.03 (5350316.03)   00000 (  3.4%),5890,2815,3080
5350316.04,0316.04 (5350316.04)   00100 (  4.4%),4275,1940,2335
5350316.05,0316.05 (5350316.05)   00000 (  3.3%),3990,1910,2080
5350316.06,0316.06 (5350316.06)   00000 (  3.6%),3670,1625,2045
5350317.02,0317.02 (5350317.02)   00000 (  3.2%),7350,3230,4115
5350317.03,0317.03 (5350317.03)   00000 (  2.2%),3690,1825,1860
5350317.04,0317.04 (5350317.04)   00000 (  2.7%),6625,3070,3555
5350317.05,0317.05 (5350317.05)   00000 (  3.4%),2230,1060,1170
5350318.00,0318.00 (5350318.00)   00100 (  3.1%),8575,4040,4530
5350319.00,0319.00 (5350319.00)   00000 (  3.0%),4190,2090,2100
5350320.01,0320.01 (5350320.01)   00000 (  4.8%),5195,2350,2845
5350320.02,0320.02 (5350320.02)   00000 (  2.3%),5870,2750,3115
5350321.01,0321.01 (5350321.01)   00000 (  2.5%),3830,1870,1955
5350321.02,0321.02 (5350321.02)   00000 (  3.0%),4030,2000,2035
5350322.01,0322.01 (5350322.01)   00100 (  3.9%),4735,2145,2590
5350322.02,0322.02 (5350322.02)   01000 ( 11.5%),3500,1585,1920
5350323.01,0323.01 (5350323.01)   00000 (  2.4%),4290,1980,2310
5350323.02,0323.02 (5350323.02)   00000 (  6.5%),5365,2405,2960
5350324.01,0324.01 (5350324.01)   00000 (  3.4%),3500,1645,1850
5350324.02,0324.02 (5350324.02)   00000 (  2.5%),6125,2900,3220
5350324.03,0324.03 (5350324.03)   00000 (  3.0%),3860,1775,2085
5350324.05,0324.05 (5350324.05)   00000 (  2.6%),3390,1550,1835
5350324.06,0324.06 (5350324.06)   00000 (  2.0%),3560,1700,1860
5350330.00,0330.00 (5350330.00)   00000 (  3.4%),4285,2070,2215
5350331.01,0331.01 (5350331.01)   00000 (  4.4%),5625,2555,3075
5350331.03,0331.03 (5350331.03)   00000 (  2.1%),6160,3015,3145
5350331.04,0331.04 (5350331.04)   00000 (  5.1%),3210,1470,1740
5350332.00,0332.00 (5350332.00)   00000 (  4.7%),7350,3480,3875
5350333.00,0333.00 (5350333.00)   00000 (  2.1%),4695,2285,2410
5350334.00,0334.00 (5350334.00)   00000 (  3.1%),3500,1725,1775
5350335.00,0335.00 (5350335.00)   00000 (  2.8%),7740,3730,4015
5350336.00,0336.00 (5350336.00)   00000 (  3.1%),6770,3325,3445
5350337.01,0337.01 (5350337.01)   00100 (  4.2%),720,350,365
5350337.02,0337.02 (5350337.02)   00000 (  8.4%),2155,990,1165
5350338.00,0338.00 (5350338.00)   00000 (  4.5%),5955,2950,3010
5350339.00,0339.00 (5350339.00)   00000 (  3.2%),6685,3110,3580
5350340.00,0340.00 (5350340.00)   00000 (  2.9%),6770,3375,3395
5350341.02,0341.02 (5350341.02)   00100 (  7.1%),4380,2060,2320
5350341.03,0341.03 (5350341.03)   00000 (  3.5%),3435,1695,1740
5350341.04,0341.04 (5350341.04)   00000 (  3.1%),6030,2980,3050
5350342.00,0342.00 (5350342.00)   00000 (  3.5%),7565,3585,3980
5350343.00,0343.00 (5350343.00)   00000 (  4.8%),4220,2135,2085
5350344.01,0344.01 (5350344.01)   00000 (  3.1%),5185,2595,2590
5350344.02,0344.02 (5350344.02)   00000 (  4.2%),3365,1515,1855
5350345.00,0345.00 (5350345.00)   00000 (  2.7%),3940,1945,1990
5350346.01,0346.01 (5350346.01)   00000 (  2.9%),4630,2270,2365
5350346.02,0346.02 (5350346.02)   00000 (  2.9%),5385,2505,2880
5350347.00,0347.00 (5350347.00)   00000 (  5.8%),2835,1445,1385
5350348.00,0348.00 (5350348.00)   00000 (  5.2%),5605,2590,3010
5350349.00,0349.00 (5350349.00)   00000 (  3.4%),5720,2720,3000
5350350.00,0350.00 (5350350.00)   00000 (  2.6%),5420,2595,2825
5350351.01,0351.01 (5350351.01)   00000 (  2.9%),5500,2655,2845
5350351.02,0351.02 (5350351.02)   00000 (  4.0%),2755,1320,1440
5350352.00,0352.00 (5350352.00)   00100 (  4.1%),5310,2500,2810
5350353.02,0353.02 (5350353.02)   00000 (  2.4%),5305,2585,2725
5350353.03,0353.03 (5350353.03)   00000 (  2.8%),3105,1470,1640
5350353.04,0353.04 (5350353.04)   00000 (  2.7%),4510,2135,2375
5350354.00,0354.00 (5350354.00)   00000 (  3.3%),5400,2665,2740
5350355.02,0355.02 (5350355.02)   00000 (  2.4%),5215,2440,2780
5350355.04,0355.04 (5350355.04)   00000 (  4.6%),5270,2420,2855
5350355.05,0355.05 (5350355.05)   00100 (  4.2%),3035,1430,1600
5350355.06,0355.06 (5350355.06)   00000 (  3.4%),1640,760,880
5350356.00,0356.00 (5350356.00)   00000 (  5.0%),4830,2345,2490
5350357.01,0357.01 (5350357.01)   00000 (  2.7%),7120,3405,3720
5350357.02,0357.02 (5350357.02)   00000 (  3.1%),4940,2320,2625
5350358.01,0358.01 (5350358.01)   00000 (  2.7%),3395,1685,1715
5350358.02,0358.02 (5350358.02)   00000 (  4.3%),4735,2165,2570
5350358.03,0358.03 (5350358.03)   00000 (  5.0%),5595,2725,2875
5350359.00,0359.00 (5350359.00)   00000 (  4.3%),7555,3525,4035
5350360.00,0360.00 (5350360.00)   00000 (  3.5%),6105,2975,3130
5350361.01,0361.01 (5350361.01)   00000 (  3.1%),5810,2845,2960
5350361.02,0361.02 (5350361.02)   00000 (  1.7%),7555,3640,3915
5350362.01,0362.01 (5350362.01)   00000 (  3.1%),6300,2970,3330
5350362.02,0362.02 (5350362.02)   00000 (  2.6%),5625,2795,2830
5350362.03,0362.03 (5350362.03)   00000 (  2.6%),6870,3405,3460
5350362.04,0362.04 (5350362.04)   00000 (  4.9%),5020,2360,2655
5350363.02,0363.02 (5350363.02)   00000 (  2.8%),3255,1560,1690
5350363.04,0363.04 (5350363.04)   00000 (  2.6%),3670,1820,1855
5350363.05,0363.05 (5350363.05)   00100 (  3.3%),4540,2180,2355
5350363.06,0363.06 (5350363.06)   00000 (  3.7%),7305,3440,3875
5350363.07,0363.07 (5350363.07)   00100 (  5.0%),5335,2655,2680
5350364.01,0364.01 (5350364.01)   00000 (  5.5%),5995,2895,3100
5350364.02,0364.02 (5350364.02)   00000 (  5.9%),3050,1490,1560
5350365.00,0365.00 (5350365.00)   00000 (  2.5%),6495,3210,3285
5350366.00,0366.00 (5350366.00)   00000 (  2.8%),6135,2950,3185
5350367.01,0367.01 (5350367.01)   00000 (  2.5%),4710,2405,2305
5350367.02,0367.02 (5350367.02)   00000 (  1.8%),3545,1755,1790
5350368.01,0368.01 (5350368.01)   00100 (  3.7%),6845,3075,3770
5350368.02,0368.02 (5350368.02)   00000 (  5.2%),4315,2085,2230
5350369.00,0369.00 (5350369.00)   00000 (  2.0%),8100,4000,4095
5350370.01,0370.01 (5350370.01)   00000 (  3.8%),9975,4570,5400
5350370.02,0370.02 (5350370.02)   00000 (  4.7%),5580,2665,2915
5350370.03,0370.03 (5350370.03)   00000 (  2.3%),4135,1990,2150
5350371.00,0371.00 (5350371.00)   00000 (  5.5%),7625,3730,3890
5350372.00,0372.00 (5350372.00)   00000 (  2.6%),4350,2105,2240
5350373.00,0373.00 (5350373.00)   00000 (  3.3%),4805,2425,2385
5350374.01,0374.01 (5350374.01)   00000 (  2.2%),4850,2330,2515
5350374.02,0374.02 (5350374.02)   00000 (  2.2%),3215,1540,1675
5350374.03,0374.03 (5350374.03)   00000 (  2.4%),4185,1960,2225
5350375.01,0375.01 (5350375.01)   00000 (  3.1%),6320,2800,3525
5350375.02,0375.02 (5350375.02)   00000 (  1.4%),1960,925,1035
5350375.03,0375.03 (5350375.03)   00000 (  3.1%),5315,2540,2780
5350375.04,0375.04 (5350375.04)   00000 (  1.3%),5300,2555,2745
5350375.05,0375.05 (5350375.05)   00000 (  5.0%),7210,3335,3875
5350376.01,0376.01 (5350376.01)   00000 (  2.6%),5095,2370,2725
5350376.02,0376.02 (5350376.02)   00000 (  2.1%),5175,2525,2655
5350376.04,0376.04 (5350376.04)   00000 (  6.3%),5460,2590,2865
5350376.05,0376.05 (5350376.05)   00000 (  1.9%),6860,3330,3525
5350376.06,0376.06 (5350376.06)   02000 ( 23.0%),485,155,330
5350376.08,0376.08 (5350376.08)   00000 (  2.3%),6155,2905,3255
5350376.09,0376.09 (5350376.09)   00000 (  2.0%),4640,2170,2465
5350376.11,0376.11 (5350376.11)   00000 (  2.0%),3415,1685,1735
5350376.12,0376.12 (5350376.12)   00000 (  2.2%),5320,2445,2875
5350376.13,0376.13 (5350376.13)   00000 (  2.4%),3905,1810,2090
5350376.14,0376.14 (5350376.14)   00000 (  1.9%),3765,1830,1935
5350376.15,0376.15 (5350376.15)   00000 (  2.5%),3695,1655,2040
5350376.16,0376.16 (5350376.16)   00000 (  7.8%),4225,1805,2420
5350377.01,0377.01 (5350377.01)   00000 (  2.9%),8995,4440,4560
5350377.02,0377.02 (5350377.02)   00000 (  1.9%),4405,2110,2290
5350377.03,0377.03 (5350377.03)   00000 (  1.9%),2815,1390,1425
5350377.04,0377.04 (5350377.04)   00000 (  1.7%),5940,2880,3065
5350377.06,0377.06 (5350377.06)   00000 (  1.3%),3810,1905,1905
5350377.07,0377.07 (5350377.07)   00000 (  4.7%),4860,2330,2525
5350378.02,0378.02 (5350378.02)   00000 (  2.0%),3260,1670,1590
5350378.03,0378.03 (5350378.03)   00000 (  2.3%),7360,3530,3830
5350378.04,0378.04 (5350378.04)   00000 (  2.7%),6150,3035,3115
5350378.05,0378.05 (5350378.05)   00000 (  2.2%),3905,1805,2100
5350378.06,0378.06 (5350378.06)   00000 (  2.3%),6065,2930,3135
5350378.07,0378.07 (5350378.07)   00000 (  4.3%),7095,3385,3720
5350378.08,0378.08 (5350378.08)   00000 (  1.8%),6260,3000,3260
5350378.11,0378.11 (5350378.11)   00000 (  2.7%),5695,2810,2880
5350378.12,0378.12 (5350378.12)   00000 (  3.1%),5180,2370,2815
5350378.14,0378.14 (5350378.14)   00000 (  2.6%),3895,1890,2005
5350378.16,0378.16 (5350378.16)   00000 (  2.5%),6105,2985,3120
5350378.17,0378.17 (5350378.17)   00000 (  1.9%),3335,1540,1795
5350378.18,0378.18 (5350378.18)   00000 (  2.4%),2765,1280,1485
5350378.19,0378.19 (5350378.19)   00000 (  2.2%),5165,2555,2610
5350378.20,0378.20 (5350378.20)   00000 (  2.5%),2095,965,1135
5350378.21,0378.21 (5350378.21)   00000 (  1.6%),3950,1935,2010
5350378.22,0378.22 (5350378.22)   00000 (  1.4%),3455,1730,1725
5350378.23,0378.23 (5350378.23)   00000 (  2.3%),4090,1960,2130
5350378.24,0378.24 (5350378.24)   00000 (  5.0%),6110,2790,3320
5350378.25,0378.25 (5350378.25)   00000 (  1.6%),7930,3900,4030
5350378.26,0378.26 (5350378.26)   00000 (  1.9%),4760,2335,2430
5350378.27,0378.27 (5350378.27)   00000 (  1.9%),5800,2780,3025
5350378.28,0378.28 (5350378.28)   00000 (  2.0%),7175,3470,3705
5350400.02,0400.02 (5350400.02)   00000 (  1.7%),5910,2980,2935
5350400.03,0400.03 (5350400.03)   00000 (  2.0%),2965,1465,1500
5350400.04,0400.04 (5350400.04)   00000 (  2.0%),1960,945,1015
5350400.06,0400.06 (5350400.06)   00000 (  2.6%),3060,1525,1540
5350400.07,0400.07 (5350400.07)   00000 (  4.0%),3315,1630,1685
5350400.08,0400.08 (5350400.08)   00000 (  2.6%),2845,1290,1550
5350400.11,0400.11 (5350400.11)   00000 (  1.5%),6260,3090,3175
5350400.12,0400.12 (5350400.12)   00000 (  1.7%),6830,3385,3445
5350400.13,0400.13 (5350400.13)   00000 (  2.0%),6680,3325,3350
5350400.14,0400.14 (5350400.14)   00000 (  1.7%),6120,3085,3030
5350400.15,0400.15 (5350400.15)   00000 (  2.1%),4630,2275,2355
5350400.16,0400.16 (5350400.16)   00000 (  1.1%),5390,2685,2700
5350400.17,0400.17 (5350400.17)   00000 (  2.2%),4680,2350,2330
5350400.18,0400.18 (5350400.18)   00000 (  1.6%),2505,1240,1265
5350400.19,0400.19 (5350400.19)   00000 (  4.0%),10045,4750,5300
5350400.20,0400.20 (5350400.20)   00000 (  1.5%),4250,2040,2205
5350400.21,0400.21 (5350400.21)   00000 (  1.6%),2100,1030,1070
5350400.22,0400.22 (5350400.22)   00000 (  1.5%),9625,4705,4915
5350400.23,0400.23 (5350400.23)   00000 (  1.6%),8560,4265,4295
5350401.04,0401.04 (5350401.04)   00000 (  2.0%),3305,1640,1665
5350401.05,0401.05 (5350401.05)   00000 (  4.3%),2425,1150,1275
5350401.06,0401.06 (5350401.06)   00000 (  1.9%),4895,2460,2435
5350401.07,0401.07 (5350401.07)   00000 (  3.8%),4110,1920,2190
5350401.08,0401.08 (5350401.08)   00000 (  1.6%),3345,1655,1690
5350401.09,0401.09 (5350401.09)   00000 (  2.0%),8405,4045,4360
5350401.10,0401.10 (5350401.10)   00000 (  1.6%),4725,2290,2435
5350401.11,0401.11 (5350401.11)   00000 (  1.9%),6785,3370,3415
5350401.13,0401.13 (5350401.13)   00000 (  1.8%),6440,3200,3240
5350401.14,0401.14 (5350401.14)   00000 (  1.7%),7820,3840,3980
5350401.15,0401.15 (5350401.15)   00000 (  1.9%),2760,1300,1455
5350401.17,0401.17 (5350401.17)   00000 (  2.5%),3510,1715,1790
5350401.18,0401.18 (5350401.18)   00000 (  3.4%),6140,2925,3220
5350401.19,0401.19 (5350401.19)   00000 (  1.8%),6825,3325,3495
5350401.20,0401.20 (5350401.20)   00000 (  1.5%),4455,2210,2245
5350401.21,0401.21 (5350401.21)   00000 (  1.6%),2920,1385,1535
5350401.22,0401.22 (5350401.22)   00000 (  2.4%),8580,4030,4550
5350401.23,0401.23 (5350401.23)   00000 (  1.7%),1945,945,1000
5350402.01,0402.01 (5350402.01)   00000 (  2.3%),2465,1215,1250
5350402.02,0402.02 (5350402.02)   00000 (  3.5%),5455,2675,2780
5350402.03,0402.03 (5350402.03)   00000 (  5.5%),3180,1410,1765
5350402.04,0402.04 (5350402.04)   00000 (  2.2%),5060,2445,2610
5350402.05,0402.05 (5350402.05)   00000 (  2.0%),2005,965,1035
5350402.06,0402.06 (5350402.06)   00000 (  2.6%),6035,2875,3155
5350402.07,0402.07 (5350402.07)   00000 (  1.2%),2055,1025,1030
5350402.08,0402.08 (5350402.08)   00000 (  2.4%),6190,3030,3160
5350402.09,0402.09 (5350402.09)   00000 (  1.9%),3700,1745,1955
5350402.10,0402.10 (5350402.10)   00000 (  2.3%),3630,1720,1915
5350402.12,0402.12 (5350402.12)   00000 (  3.7%),5935,2760,3175
5350402.13,0402.13 (5350402.13)   00000 (  1.7%),4965,2480,2485
5350403.01,0403.01 (5350403.01)   00000 (  2.0%),7585,3650,3935
5350403.04,0403.04 (5350403.04)   00000 (  1.4%),4330,2085,2240
5350403.05,0403.05 (5350403.05)   00000 (  2.3%),4155,2040,2115
5350403.07,0403.07 (5350403.07)   00000 (  1.9%),12000,5855,6145
5350403.09,0403.09 (5350403.09)   00000 (  1.8%),5010,2435,2580
5350403.10,0403.10 (5350403.10)   00000 (  1.5%),5605,2770,2840
5350403.11,0403.11 (5350403.11)   00000 (  1.7%),10620,5185,5430
5350403.12,0403.12 (5350403.12)   00000 (  1.7%),9490,4630,4865
5350403.13,0403.13 (5350403.13)   00000 (  1.9%),6335,2955,3375
5350403.14,0403.14 (5350403.14)   00000 (  2.0%),10120,4920,5200
5350403.15,0403.15 (5350403.15)   00000 (  2.2%),11855,5825,6030
5350403.16,0403.16 (5350403.16)   00000 (  2.0%),4090,2020,2070
5350410.02,0410.02 (5350410.02)   00000 (  1.9%),4400,2100,2295
5350410.03,0410.03 (5350410.03)   00000 (  2.3%),7180,3475,3705
5350410.04,0410.04 (5350410.04)   00000 (  1.0%),3755,1825,1930
5350410.05,0410.05 (5350410.05)   00000 (  1.4%),6240,3105,3135
5350410.07,0410.07 (5350410.07)   00000 (  2.2%),3655,1815,1840
5350410.09,0410.09 (5350410.09)   00000 (  3.1%),5355,2395,2960
5350410.10,0410.10 (5350410.10)   00000 (  2.5%),3960,1825,2135
5350410.11,0410.11 (5350410.11)   00000 (  1.8%),4205,2055,2155
5350410.12,0410.12 (5350410.12)   00000 (  4.6%),6625,2940,3690
5350410.13,0410.13 (5350410.13)   00000 (  1.5%),6905,3405,3505
5350410.14,0410.14 (5350410.14)   00000 (  1.9%),6010,2940,3075
5350410.15,0410.15 (5350410.15)   00000 (  1.4%),1825,890,935
5350411.01,0411.01 (5350411.01)   00000 (  3.0%),5505,2620,2885
5350411.04,0411.04 (5350411.04)   00000 (  2.1%),5600,2725,2870
5350411.07,0411.07 (5350411.07)   00000 (  1.8%),4295,2125,2170
5350411.08,0411.08 (5350411.08)   00000 (  4.2%),2420,1205,1215
5350411.09,0411.09 (5350411.09)   00000 (  1.4%),6335,3105,3230
5350411.12,0411.12 (5350411.12)   00000 (  1.5%),5590,2730,2855
5350411.15,0411.15 (5350411.15)   00000 (  2.4%),4240,2070,2170
5350411.16,0411.16 (5350411.16)   00000 (  4.5%),6415,3135,3280
5350411.17,0411.17 (5350411.17)   00000 (  1.9%),7445,3610,3835
5350411.18,0411.18 (5350411.18)   00000 (  1.9%),11135,5440,5695
5350411.19,0411.19 (5350411.19)   00000 (  2.1%),8655,4225,4430
5350411.21,0411.21 (5350411.21)   00000 (  2.3%),2445,1185,1260
5350411.22,0411.22 (5350411.22)   00000 (  2.1%),5495,2690,2805
5350411.23,0411.23 (5350411.23)   00000 (  2.3%),4590,2160,2425
5350411.24,0411.24 (5350411.24)   00000 (  1.9%),7395,3660,3725
5350411.25,0411.25 (5350411.25)   00000 (  1.8%),3435,1690,1740
5350411.26,0411.26 (5350411.26)   00000 (  2.1%),5375,2640,2735
5350411.27,0411.27 (5350411.27)   00000 (  2.3%),4205,2035,2170
5350411.28,0411.28 (5350411.28)   00000 (  1.7%),5150,2495,2660
5350411.29,0411.29 (5350411.29)   00000 (  1.8%),5480,2655,2825
5350411.30,0411.30 (5350411.30)   00000 (  1.8%),7290,3600,3690
5350412.01,0412.01 (5350412.01)   00000 (  4.2%),6420,3080,3340
5350412.02,0412.02 (5350412.02)   00000 (  4.6%),8915,4180,4740
5350412.04,0412.04 (5350412.04)   00000 (  2.3%),4385,2160,2225
5350412.06,0412.06 (5350412.06)   00000 (  1.3%),3475,1745,1735
5350412.08,0412.08 (5350412.08)   00000 (  2.3%),2625,1265,1360
5350412.10,0412.10 (5350412.10)   00000 (  2.2%),5860,2910,2945
5350412.11,0412.11 (5350412.11)   00000 (  2.5%),4715,2385,2335
5350412.12,0412.12 (5350412.12)   00000 (  2.2%),4025,1910,2120
5350412.13,0412.13 (5350412.13)   00000 (  2.3%),4065,2020,2045
5350412.14,0412.14 (5350412.14)   00000 (  1.8%),3400,1680,1720
5350412.15,0412.15 (5350412.15)   00000 (  3.4%),5455,2660,2795
5350412.18,0412.18 (5350412.18)   00000 (  2.0%),7590,3745,3845
5350412.19,0412.19 (5350412.19)   00000 (  1.4%),9555,4670,4885
5350412.20,0412.20 (5350412.20)   00000 (  1.4%),5765,2850,2910
5350412.22,0412.22 (5350412.22)   00000 (  2.1%),8810,4340,4465
5350412.24,0412.24 (5350412.24)   00000 (  2.0%),8370,4120,4250
5350412.25,0412.25 (5350412.25)   00000 (  1.3%),5510,2705,2805
5350412.26,0412.26 (5350412.26)   00000 (  1.2%),6265,3065,3200
5350413.01,0413.01 (5350413.01)   00000 (  3.4%),9615,4675,4945
5350413.02,0413.02 (5350413.02)   00000 (  2.1%),12790,6320,6470
5350420.03,0420.03 (5350420.03)   00000 (  2.6%),6505,3205,3300
5350420.05,0420.05 (5350420.05)   00000 (  2.7%),7715,3705,4010
5350420.06,0420.06 (5350420.06)   00000 (  1.2%),5145,2485,2660
5350420.08,0420.08 (5350420.08)   00000 (  3.2%),4375,2080,2300
5350420.09,0420.09 (5350420.09)   00000 (  3.2%),4535,1995,2540
5350420.10,0420.10 (5350420.10)   00000 (  1.5%),3725,1815,1905
5350420.11,0420.11 (5350420.11)   00000 (  1.6%),6190,3050,3145
5350420.13,0420.13 (5350420.13)   00000 (  4.6%),5575,2600,2970
5350420.14,0420.14 (5350420.14)   00000 (  2.6%),7145,3380,3765
5350420.15,0420.15 (5350420.15)   00000 (  1.9%),2345,1155,1195
5350421.01,0421.01 (5350421.01)   00000 (  2.6%),6825,3355,3470
5350421.04,0421.04 (5350421.04)   00000 (  2.6%),3675,1735,1945
5350421.05,0421.05 (5350421.05)   00000 (  2.3%),3600,1790,1810
5350421.06,0421.06 (5350421.06)   00000 (  3.6%),3630,1690,1945
5350421.07,0421.07 (5350421.07)   00000 (  2.1%),4095,2055,2040
5350422.02,0422.02 (5350422.02)   00000 (  3.2%),5360,2660,2700
5350422.03,0422.03 (5350422.03)   00000 (  1.8%),6995,3410,3580
5350422.04,0422.04 (5350422.04)   00000 (  1.3%),3955,1940,2015
5350422.05,0422.05 (5350422.05)   00000 (  1.3%),7090,3455,3630
5350422.06,0422.06 (5350422.06)   00000 (  2.9%),5215,2460,2750
5350423.01,0423.01 (5350423.01)   00000 (  4.0%),3720,1785,1935
5350423.02,0423.02 (5350423.02)   00000 (  2.4%),7785,3835,3955
5350424.04,0424.04 (5350424.04)   00000 (  1.6%),2405,1215,1185
5350424.05,0424.05 (5350424.05)   00000 (  3.9%),9300,4345,4945
5350424.07,0424.07 (5350424.07)   00000 (  2.0%),8405,4155,4250
5350424.08,0424.08 (5350424.08)   00000 (  1.9%),7400,3600,3805
5350424.09,0424.09 (5350424.09)   00000 (  2.9%),3605,1790,1820
5350424.10,0424.10 (5350424.10)   00000 (  1.7%),6495,3230,3265
5350424.11,0424.11 (5350424.11)   00000 (  2.2%),8070,3965,4105
5350424.13,0424.13 (5350424.13)   00000 (  5.1%),2375,1170,1200
5350424.14,0424.14 (5350424.14)   00000 (  1.6%),13215,6570,6645
5350424.15,0424.15 (5350424.15)   00000 (  1.7%),9775,4765,5010
5350424.16,0424.16 (5350424.16)   00000 (  1.9%),8785,4315,4470
5350430.03,0430.03 (5350430.03)   00000 (  3.6%),5405,2635,2770
5350430.05,0430.05 (5350430.05)   00000 (  2.0%),7265,3580,3685
5350430.06,0430.06 (5350430.06)   00000 (  1.7%),6760,3290,3470
5350430.07,0430.07 (5350430.07)   00000 (  2.2%),7520,3685,3835
5350430.08,0430.08 (5350430.08)   00000 (  3.1%),6075,2870,3200
5350431.01,0431.01 (5350431.01)   00000 (  3.7%),6385,3140,3240
5350431.02,0431.02 (5350431.02)   00000 (  2.4%),6435,3235,3205
5350440.00,0440.00 (5350440.00)   00000 (  2.7%),7105,3400,3705
5350441.02,0441.02 (5350441.02)   00000 (  5.6%),4495,2055,2440
5350441.03,0441.03 (5350441.03)   00000 (  1.9%),7295,3590,3705
5350441.04,0441.04 (5350441.04)   00000 (  1.8%),5610,2800,2810
5350442.02,0442.02 (5350442.02)   00000 (  2.9%),4060,1940,2115
5350442.03,0442.03 (5350442.03)   00000 (  2.3%),5275,2635,2640
5350442.04,0442.04 (5350442.04)   00000 (  2.5%),3670,1815,1850
5350442.05,0442.05 (5350442.05)   00000 (  2.8%),7375,3490,3885
5350442.06,0442.06 (5350442.06)   00000 (  1.9%),10560,5215,5345
5350450.02,0450.02 (5350450.02)   00000 (  9.2%),3210,1460,1750
5350450.03,0450.03 (5350450.03)   00000 (  4.5%),8475,3970,4500
5350450.05,0450.05 (5350450.05)   00000 (  1.8%),5910,2860,3045
5350450.06,0450.06 (5350450.06)   00000 (  1.8%),7845,3835,4005
5350451.01,0451.01 (5350451.01)   00000 (  3.8%),2280,1055,1225
5350451.02,0451.02 (5350451.02)   00000 (  4.2%),4930,2260,2670
5350451.03,0451.03 (5350451.03)   00000 (  2.4%),6955,3320,3635
5350451.05,0451.05 (5350451.05)   00000 (  1.4%),4585,2250,2335
5350451.06,0451.06 (5350451.06)   00000 (  2.1%),6595,3195,3400
5350451.07,0451.07 (5350451.07)   00000 (  1.8%),4980,2370,2605
5350452.01,0452.01 (5350452.01)   00000 (  2.2%),3155,1495,1660
5350452.02,0452.02 (5350452.02)   00000 (  3.8%),4975,2435,2545
5350452.03,0452.03 (5350452.03)   00000 (  2.2%),5575,2700,2880
5350452.05,0452.05 (5350452.05)   00000 (  1.8%),4895,2400,2490
5350452.06,0452.06 (5350452.06)   00000 (  1.6%),4530,2240,2290
5350452.07,0452.07 (5350452.07)   00000 (  1.5%),5335,2620,2710
5350455.00,0455.00 (5350455.00)   00000 (  4.2%),8255,4065,4190
5350456.01,0456.01 (5350456.01)   00000 (  3.1%),4475,2280,2195
5350456.02,0456.02 (5350456.02)   00000 (  2.8%),7200,3590,3610
5350456.03,0456.03 (5350456.03)   00000 (  3.5%),4060,2065,1995
5350460.01,0460.01 (5350460.01)   00000 (  2.6%),7235,3615,3615
5350460.02,0460.02 (5350460.02)   00000 (  4.0%),3555,1810,1745
5350461.01,0461.01 (5350461.01)   00000 (  2.6%),5655,2850,2805
5350461.02,0461.02 (5350461.02)   00000 (  2.5%),8065,4005,4060
5350470.00,0470.00 (5350470.00)   00000 (  3.6%),2790,1390,1395
5350471.00,0471.00 (5350471.00)   00000 (  4.1%),3275,1700,1575
5350472.00,0472.00 (5350472.00)   00000 (  2.7%),7480,3755,3720
5350473.01,0473.01 (5350473.01)   00000 (  2.3%),6660,3200,3455
5350473.02,0473.02 (5350473.02)   00000 (  2.8%),6995,3405,3590
5350473.03,0473.03 (5350473.03)   00000 (  2.3%),3715,1835,1880
5350474.00,0474.00 (5350474.00)   00000 (  4.0%),5525,2805,2715
5350475.00,0475.00 (5350475.00)   00000 (  4.5%),6825,3305,3520
5350476.01,0476.01 (5350476.01)   01200 ( 12.8%),265,120,140
5350476.02,0476.02 (5350476.02)   00000 (  4.4%),2160,1115,1050
5350480.01,0480.01 (5350480.01)   00000 (  4.0%),4070,2040,2025
5350480.02,0480.02 (5350480.02)   00000 (  3.4%),11075,5405,5670
5350481.01,0481.01 (5350481.01)   00000 (  1.8%),8470,4205,4265
5350481.02,0481.02 (5350481.02)   00000 (  3.4%),4290,2135,2155
5350482.00,0482.00 (5350482.00)   00000 (  2.8%),7420,3655,3770
5350483.01,0483.01 (5350483.01)   00000 (  2.2%),4785,2385,2400
5350483.02,0483.02 (5350483.02)   00000 (  2.1%),3235,1645,1595
5350484.02,0484.02 (5350484.02)   00000 (  3.8%),6070,2990,3080
5350484.03,0484.03 (5350484.03)   00000 (  2.2%),3975,1880,2095
5350484.04,0484.04 (5350484.04)   00000 (  2.4%),880,455,425
5350485.01,0485.01 (5350485.01)   00000 (  3.0%),8215,4040,4175
5350485.02,0485.02 (5350485.02)   00000 (  3.9%),7075,3410,3670
5350500.01,0500.01 (5350500.01)   00000 (  3.5%),3380,1715,1665
5350500.02,0500.02 (5350500.02)   00000 (  3.7%),4875,2390,2485
5350501.01,0501.01 (5350501.01)   00000 (  3.6%),5945,2770,3180
5350501.02,0501.02 (5350501.02)   00000 (  2.0%),6810,3345,3475
5350502.01,0502.01 (5350502.01)   00000 (  2.0%),5425,2640,2785
5350502.02,0502.02 (5350502.02)   00000 (  4.8%),2545,1210,1340
5350503.00,0503.00 (5350503.00)   00000 (  3.2%),5015,2450,2565
5350504.00,0504.00 (5350504.00)   00000 (  2.1%),3395,1650,1745
5350505.01,0505.01 (5350505.01)   00000 (  1.4%),4685,2345,2345
5350505.02,0505.02 (5350505.02)   00000 (  2.1%),5760,2895,2865
5350506.00,0506.00 (5350506.00)   00000 (  1.5%),2715,1370,1350
5350507.00,0507.00 (5350507.00)   00000 (  2.0%),3700,1810,1890
5350508.00,0508.00 (5350508.00)   00000 (  2.3%),3175,1580,1595
5350509.01,0509.01 (5350509.01)   00000 (  2.4%),5015,2440,2575
5350509.02,0509.02 (5350509.02)   00000 (  2.2%),3170,1520,1650
5350510.00,0510.00 (5350510.00)   00000 (  2.4%),5540,2700,2840
5350511.01,0511.01 (5350511.01)   00000 (  2.9%),6165,3060,3110
5350511.02,0511.02 (5350511.02)   00000 (  2.5%),4715,2315,2400
5350512.00,0512.00 (5350512.00)   00000 (  5.9%),6010,2920,3090
5350513.01,0513.01 (5350513.01)   00000 (  2.4%),6975,3370,3600
5350513.02,0513.02 (5350513.02)   00000 (  3.2%),6350,2995,3355
5350513.03,0513.03 (5350513.03)   00000 (  5.1%),3525,1685,1840
5350513.04,0513.04 (5350513.04)   00000 (  2.9%),3745,1830,1910
5350514.01,0514.01 (5350514.01)   00000 (  2.0%),2340,1100,1240
5350514.02,0514.02 (5350514.02)   00000 (  2.4%),5830,2845,2980
5350515.01,0515.01 (5350515.01)   00000 (  2.7%),4305,2125,2175
5350515.02,0515.02 (5350515.02)   00000 (  6.5%),3870,1815,2055
5350516.01,0516.01 (5350516.01)   00000 (  2.1%),5445,2685,2760
5350516.02,0516.02 (5350516.02)   00000 (  1.4%),4850,2380,2470
5350516.03,0516.03 (5350516.03)   00000 (  2.1%),5715,2740,2975
5350516.04,0516.04 (5350516.04)   00000 (  2.5%),6245,3020,3230
5350516.05,0516.05 (5350516.05)   00000 (  1.8%),6155,3015,3140
5350516.06,0516.06 (5350516.06)   00000 (  5.7%),4935,2255,2675
5350516.08,0516.08 (5350516.08)   00000 (  2.6%),5970,2815,3155
5350516.09,0516.09 (5350516.09)   00000 (  2.3%),7000,3390,3610
5350516.11,0516.11 (5350516.11)   00000 (  2.7%),4645,2270,2380
5350516.16,0516.16 (5350516.16)   00100 (  9.0%),5535,2610,2920
5350516.17,0516.17 (5350516.17)   00000 (  3.6%),3585,1690,1895
5350516.18,0516.18 (5350516.18)   00000 (  2.1%),3555,1735,1820
5350516.20,0516.20 (5350516.20)   00000 (  1.9%),6250,3125,3125
5350516.21,0516.21 (5350516.21)   00000 (  1.6%),2920,1475,1445
5350516.22,0516.22 (5350516.22)   00000 (  1.9%),6965,3485,3480
5350516.23,0516.23 (5350516.23)   00000 (  1.6%),5605,2745,2855
5350516.24,0516.24 (5350516.24)   00000 (  1.3%),4085,2085,1995
5350516.25,0516.25 (5350516.25)   00000 (  1.6%),3870,1865,2000
5350516.26,0516.26 (5350516.26)   00000 (  1.9%),6830,3300,3535
5350516.28,0516.28 (5350516.28)   00000 (  1.2%),4820,2365,2455
5350516.29,0516.29 (5350516.29)   00000 (  2.1%),4855,2295,2565
5350516.30,0516.30 (5350516.30)   00000 (  1.2%),5930,2925,3010
5350516.31,0516.31 (5350516.31)   00000 (  2.5%),2805,1375,1425
5350516.32,0516.32 (5350516.32)   00000 (  1.3%),4950,2415,2540
5350516.37,0516.37 (5350516.37)   00000 (  2.1%),6100,2915,3190
5350516.38,0516.38 (5350516.38)   00000 (  1.7%),6520,3240,3280
5350516.39,0516.39 (5350516.39)   00000 (  1.8%),5165,2530,2640
5350516.40,0516.40 (5350516.40)   00000 (  1.8%),6385,3190,3190
5350516.41,0516.41 (5350516.41)   00000 (  1.7%),5730,2775,2960
5350516.42,0516.42 (5350516.42)   00000 (  1.3%),8620,4260,4365
5350516.43,0516.43 (5350516.43)   00000 (  2.9%),4215,2040,2170
5350516.44,0516.44 (5350516.44)   00000 (  3.6%),5435,2600,2840
5350516.46,0516.46 (5350516.46)   00000 (  1.1%),7625,3775,3850
5350516.47,0516.47 (5350516.47)   00000 (  1.1%),5125,2510,2615
5350516.48,0516.48 (5350516.48)   00000 (  1.5%),6665,3325,3340
5350516.49,0516.49 (5350516.49)   00000 (  1.7%),8970,4355,4610
5350517.00,0517.00 (5350517.00)   00000 (  1.8%),1675,820,860
5350518.00,0518.00 (5350518.00)   00000 (  2.6%),4235,2070,2165
5350519.00,0519.00 (5350519.00)   00000 (  2.2%),3810,1885,1925
5350520.01,0520.01 (5350520.01)   00000 (  2.0%),5480,2740,2740
5350520.02,0520.02 (5350520.02)   00000 (  2.2%),7105,3460,3645
5350520.05,0520.05 (5350520.05)   00000 (  2.1%),3635,1800,1840
5350520.07,0520.07 (5350520.07)   00000 (  2.8%),5195,2485,2710
5350520.08,0520.08 (5350520.08)   00000 (  2.6%),6305,2980,3325
5350520.09,0520.09 (5350520.09)   00000 (  2.9%),7125,3470,3650
5350520.10,0520.10 (5350520.10)   00000 (  2.8%),9665,4730,4930
5350521.01,0521.01 (5350521.01)   00000 (  2.4%),5685,2720,2960
5350521.02,0521.02 (5350521.02)   00000 (  1.6%),3485,1715,1765
5350521.03,0521.03 (5350521.03)   00000 (  2.2%),4995,2425,2570
5350521.04,0521.04 (5350521.04)   00000 (  3.4%),6605,3185,3420
5350521.05,0521.05 (5350521.05)   00000 (  2.3%),4200,2005,2195
5350521.06,0521.06 (5350521.06)   00000 (  2.5%),5575,2590,2985
5350522.00,0522.00 (5350522.00)   00000 (  2.2%),6010,2935,3070
5350523.00,0523.00 (5350523.00)   00000 (  2.6%),6170,2905,3260
5350524.01,0524.01 (5350524.01)   00000 (  3.0%),4740,2245,2495
5350524.02,0524.02 (5350524.02)   00000 (  2.7%),3575,1745,1835
5350525.01,0525.01 (5350525.01)   00000 (  2.5%),3450,1725,1725
5350525.02,0525.02 (5350525.02)   00000 (  3.0%),4665,2330,2335
5350526.01,0526.01 (5350526.01)   00000 (  3.1%),6045,2960,3085
5350526.02,0526.02 (5350526.02)   00000 (  2.7%),3555,1815,1745
5350527.01,0527.01 (5350527.01)   00000 (  3.3%),10665,5220,5445
5350527.02,0527.02 (5350527.02)   00000 (  3.8%),5260,2500,2755
5350527.03,0527.03 (5350527.03)   00000 (  3.6%),8680,4285,4390
5350527.04,0527.04 (5350527.04)   00000 (  1.9%),5775,2780,2995
5350527.05,0527.05 (5350527.05)   00000 (  3.2%),5630,2660,2970
5350527.06,0527.06 (5350527.06)   00000 (  5.8%),3975,1855,2125
5350527.07,0527.07 (5350527.07)   00000 (  2.3%),4915,2335,2585
5350527.08,0527.08 (5350527.08)   00000 (  1.6%),4170,2100,2075
5350527.09,0527.09 (5350527.09)   00000 (  1.5%),3415,1745,1675
5350528.01,0528.01 (5350528.01)   00000 (  1.6%),5695,2790,2900
5350528.02,0528.02 (5350528.02)   00000 (  1.4%),7625,3755,3865
5350528.10,0528.10 (5350528.10)   00000 (  1.8%),8865,4420,4445
5350528.11,0528.11 (5350528.11)   00000 (  2.4%),5510,2580,2930
5350528.12,0528.12 (5350528.12)   00000 (  1.8%),5750,2900,2850
5350528.13,0528.13 (5350528.13)   00000 (  3.1%),3510,1715,1790
5350528.15,0528.15 (5350528.15)   00000 (  2.3%),4435,2135,2310
5350528.16,0528.16 (5350528.16)   00000 (  1.5%),5190,2590,2600
5350528.18,0528.18 (5350528.18)   00000 (  1.9%),6830,3360,3470
5350528.19,0528.19 (5350528.19)   00000 (  1.8%),5360,2645,2720
5350528.20,0528.20 (5350528.20)   00000 (  2.4%),5905,2935,2975
5350528.21,0528.21 (5350528.21)   00000 (  3.5%),4355,2045,2315
5350528.22,0528.22 (5350528.22)   00000 (  2.1%),6545,3300,3245
5350528.24,0528.24 (5350528.24)   00000 (  2.1%),5235,2540,2700
5350528.25,0528.25 (5350528.25)   00000 (  3.8%),7715,3645,4070
5350528.26,0528.26 (5350528.26)   00000 (  2.7%),5325,2435,2890
5350528.31,0528.31 (5350528.31)   00000 (  4.9%),6330,3055,3280
5350528.32,0528.32 (5350528.32)   00000 (  1.7%),4195,2140,2050
5350528.33,0528.33 (5350528.33)   00000 (  1.9%),6445,3245,3195
5350528.34,0528.34 (5350528.34)   00000 (  2.2%),5975,2905,3070
5350528.35,0528.35 (5350528.35)   00000 (  2.8%),3315,1590,1720
5350528.36,0528.36 (5350528.36)   00000 (  1.7%),8215,4235,3980
5350528.37,0528.37 (5350528.37)   00000 (  2.0%),8535,4200,4335
5350528.39,0528.39 (5350528.39)   00000 (  1.7%),6890,3340,3545
5350528.40,0528.40 (5350528.40)   00000 (  1.8%),6195,3035,3165
5350528.41,0528.41 (5350528.41)   00000 (  3.1%),7940,3865,4075
5350528.42,0528.42 (5350528.42)   00000 (  2.9%),5565,2690,2875
5350528.43,0528.43 (5350528.43)   00000 (  1.4%),5110,2410,2700
5350528.44,0528.44 (5350528.44)   00000 (  2.6%),2080,995,1085
5350528.45,0528.45 (5350528.45)   00000 (  2.3%),5650,2640,3015
5350528.46,0528.46 (5350528.46)   00000 (  1.8%),7145,3550,3595
5350528.47,0528.47 (5350528.47)   00000 (  1.9%),5260,2570,2690
5350528.48,0528.48 (5350528.48)   00000 (  1.7%),7955,4005,3955
5350528.49,0528.49 (5350528.49)   00000 (  3.4%),4865,2405,2460
5350529.01,0529.01 (5350529.01)   00000 (  3.5%),3845,2020,1825
5350529.02,0529.02 (5350529.02)   00000 (  2.7%),4675,2315,2365
5350530.01,0530.01 (5350530.01)   00000 (  3.2%),5215,2565,2645
5350530.02,0530.02 (5350530.02)   00000 (  2.7%),3170,1565,1600
5350531.01,0531.01 (5350531.01)   00000 (  2.3%),4145,2085,2055
5350531.02,0531.02 (5350531.02)   00000 (  2.4%),6660,3335,3325
5350532.01,0532.01 (5350532.01)   00000 (  3.2%),4355,2220,2135
5350532.02,0532.02 (5350532.02)   00000 (  2.2%),4630,2320,2310
5350540.01,0540.01 (5350540.01)   00000 (  6.1%),5030,2420,2615
5350540.02,0540.02 (5350540.02)   00000 (  3.6%),5600,2645,2955
5350550.01,0550.01 (5350550.01)   00000 (  1.8%),4650,2265,2380
5350550.02,0550.02 (5350550.02)   00000 (  2.8%),7465,3610,3850
5350560.00,0560.00 (5350560.00)   00000 (  2.6%),6270,3155,3115
5350561.00,0561.00 (5350561.00)   00000 (  3.0%),6450,3160,3290
5350562.02,0562.02 (5350562.02)   00000 (  2.3%),6495,3205,3290
5350562.03,0562.03 (5350562.03)   00000 (  2.4%),4825,2345,2485
5350562.04,0562.04 (5350562.04)   00000 (  2.9%),4530,2285,2245
5350562.05,0562.05 (5350562.05)   00000 (  3.2%),5660,2705,2955
5350562.06,0562.06 (5350562.06)   00000 (  2.1%),3035,1500,1535
5350562.07,0562.07 (5350562.07)   00000 (  2.8%),4480,2245,2230
5350562.08,0562.08 (5350562.08)   00000 (  2.1%),4105,2005,2095
5350562.09,0562.09 (5350562.09)   00000 (  2.5%),3880,1900,1980
5350562.11,0562.11 (5350562.11)   00000 (  2.5%),3030,1530,1505
5350562.12,0562.12 (5350562.12)   00000 (  3.3%),7090,3445,3650
5350562.13,0562.13 (5350562.13)   00000 (  7.6%),1230,650,585
5350562.14,0562.14 (5350562.14)   00000 (  2.4%),3925,2015,1910
5350562.15,0562.15 (5350562.15)   00000 (  3.2%),3725,1820,1905
5350563.01,0563.01 (5350563.01)   00000 (  3.9%),6745,3095,3650
5350563.02,0563.02 (5350563.02)   00000 (  2.2%),2935,1400,1535
5350564.01,0564.01 (5350564.01)   00000 (  2.6%),2330,1155,1175
5350564.02,0564.02 (5350564.02)   00000 (  2.2%),4790,2360,2435
5350570.01,0570.01 (5350570.01)   00000 (  3.4%),3295,1600,1695
5350570.02,0570.02 (5350570.02)   00000 (  2.0%),3645,1815,1835
5350571.01,0571.01 (5350571.01)   00000 (  2.9%),3855,1875,1980
5350571.02,0571.02 (5350571.02)   00000 (  3.6%),4000,1960,2035
5350572.01,0572.01 (5350572.01)   00000 (  2.7%),6790,3315,3475
5350572.04,0572.04 (5350572.04)   00000 (  2.6%),3125,1550,1575
5350572.05,0572.05 (5350572.05)   00000 (  2.9%),5900,2945,2955
5350572.07,0572.07 (5350572.07)   00000 (  2.6%),4645,2400,2245
5350572.08,0572.08 (5350572.08)   00000 (  2.9%),5455,2860,2595
5350572.09,0572.09 (5350572.09)   00000 (  3.5%),4810,2360,2450
5350572.10,0572.10 (5350572.10)   00000 (  1.8%),3600,1825,1775
5350573.03,0573.03 (5350573.03)   00000 (  4.5%),6445,3130,3305
5350573.05,0573.05 (5350573.05)   00000 (  2.8%),5585,2750,2835
5350573.06,0573.06 (5350573.06)   00000 (  2.2%),4595,2235,2365
5350573.07,0573.07 (5350573.07)   00000 (  3.4%),5815,2810,3005
5350573.09,0573.09 (5350573.09)   00000 (  2.4%),6060,2990,3075
5350573.10,0573.10 (5350573.10)   00000 (  1.9%),3195,1575,1620
5350573.11,0573.11 (5350573.11)   00000 (  1.5%),5085,2470,2615
5350574.00,0574.00 (5350574.00)   00000 (  4.9%),6615,3065,3555
5350575.01,0575.01 (5350575.01)   00000 (  3.1%),5890,2830,3065
5350575.02,0575.02 (5350575.02)   00100 (  4.3%),4700,2345,2350
5350575.03,0575.03 (5350575.03)   00000 (  2.6%),6700,3365,3340
5350575.04,0575.04 (5350575.04)   00000 (  2.9%),6195,3050,3140
5350575.05,0575.05 (5350575.05)   00000 (  2.3%),6930,3325,3605
5350575.07,0575.07 (5350575.07)   00000 (  1.7%),4075,2050,2025
5350575.08,0575.08 (5350575.08)   00000 (  1.9%),5565,2790,2770
5350576.04,0576.04 (5350576.04)   00000 (  1.8%),4400,2190,2210
5350576.05,0576.05 (5350576.05)   00000 (  3.5%),7020,3450,3570
5350576.06,0576.06 (5350576.06)   00000 (  2.5%),7300,3575,3725
5350576.07,0576.07 (5350576.07)   00000 (  2.2%),4575,2315,2260
5350576.09,0576.09 (5350576.09)   00000 (  2.1%),3780,1840,1940
5350576.10,0576.10 (5350576.10)   00000 (  2.6%),12450,6040,6410
5350576.16,0576.16 (5350576.16)   00000 (  1.9%),6465,3200,3270
5350576.17,0576.17 (5350576.17)   00000 (  2.2%),6765,3335,3435
5350576.20,0576.20 (5350576.20)   00000 (  2.9%),6825,3285,3540
5350576.22,0576.22 (5350576.22)   00000 (  2.1%),7400,3750,3655
5350576.24,0576.24 (5350576.24)   00000 (  2.0%),10435,5255,5180
5350576.29,0576.29 (5350576.29)   00000 (  2.0%),4135,2020,2115
5350576.31,0576.31 (5350576.31)   00000 (  1.7%),3785,1880,1905
5350576.32,0576.32 (5350576.32)   00000 (  1.8%),9555,4710,4850
5350576.33,0576.33 (5350576.33)   00000 (  2.5%),2515,1245,1275
5350576.34,0576.34 (5350576.34)   00000 (  2.1%),6070,3030,3035
5350576.40,0576.40 (5350576.40)   00000 (  2.1%),7970,3985,3985
5350576.41,0576.41 (5350576.41)   00000 (  1.8%),8200,4040,4155
5350576.42,0576.42 (5350576.42)   00000 (  2.0%),12430,6065,6365
5350576.43,0576.43 (5350576.43)   00000 (  1.9%),6460,3150,3315
5350576.44,0576.44 (5350576.44)   00000 (  2.1%),2780,1335,1455
5350576.45,0576.45 (5350576.45)   00000 (  1.7%),2930,1445,1485
5350576.46,0576.46 (5350576.46)   00000 (  2.1%),5320,2680,2635
5350576.47,0576.47 (5350576.47)   00000 (  2.5%),4065,2035,2035
5350576.49,0576.49 (5350576.49)   00000 (  2.1%),6040,2940,3100
5350576.50,0576.50 (5350576.50)   00000 (  1.5%),6735,3340,3390
5350576.52,0576.52 (5350576.52)   00000 (  1.8%),5870,2905,2965
5350576.53,0576.53 (5350576.53)   00000 (  1.7%),4440,2220,2220
5350576.54,0576.54 (5350576.54)   00000 (  2.0%),4680,2325,2355
5350576.55,0576.55 (5350576.55)   00000 (  3.0%),6800,3420,3380
5350576.56,0576.56 (5350576.56)   00000 (  1.7%),7835,3920,3920
5350576.57,0576.57 (5350576.57)   00000 (  3.3%),3505,1650,1855
5350576.58,0576.58 (5350576.58)   00000 (  2.1%),8390,4055,4340
5350576.59,0576.59 (5350576.59)   00000 (  1.6%),6550,3265,3285
5350576.60,0576.60 (5350576.60)   00000 (  1.9%),8505,4275,4230
5350576.61,0576.61 (5350576.61)   00000 (  2.3%),11170,5610,5560
5350576.62,0576.62 (5350576.62)   00000 (  2.1%),7015,3510,3500
5350576.63,0576.63 (5350576.63)   00000 (  1.6%),6180,3120,3060
5350576.64,0576.64 (5350576.64)   00000 (  2.0%),8610,4285,4320
5350576.65,0576.65 (5350576.65)   00000 (  1.5%),2365,1165,1195
5350576.66,0576.66 (5350576.66)   00000 (  2.1%),6605,3310,3300
5350576.67,0576.67 (5350576.67)   00000 (  1.3%),8090,4060,4035
5350576.68,0576.68 (5350576.68)   00000 (  2.3%),5100,2615,2485
5350576.69,0576.69 (5350576.69)   00000 (  1.5%),5665,2860,2805
5350576.70,0576.70 (5350576.70)   00000 (  2.2%),18970,9365,9605
5350576.71,0576.71 (5350576.71)   00000 (  2.1%),23400,11710,11700
5350576.72,0576.72 (5350576.72)   00000 (  2.6%),9490,4745,4745
5350585.02,0585.02 (5350585.02)   00000 (  2.4%),6180,3125,3055
5350585.03,0585.03 (5350585.03)   00000 (  2.4%),5455,2675,2780
5350585.05,0585.05 (5350585.05)   00000 (  2.1%),7215,3660,3555
5350585.07,0585.07 (5350585.07)   00000 (  2.5%),7015,3480,3535
5350585.08,0585.08 (5350585.08)   00000 (  2.0%),3830,1920,1910
5350585.09,0585.09 (5350585.09)   00000 (  2.5%),5755,2870,2885
5350585.10,0585.10 (5350585.10)   00000 (  2.1%),4115,2045,2075
5350586.01,0586.01 (5350586.01)   00000 (  2.1%),12565,6170,6390
5350586.02,0586.02 (5350586.02)   00000 (  3.1%),2890,1495,1395
5350587.01,0587.01 (5350587.01)   00000 (  2.8%),5965,3075,2890
5350587.02,0587.02 (5350587.02)   00000 (  2.6%),5515,2730,2790
5350590.00,0590.00 (5350590.00)   00000 (  4.0%),4965,2375,2595
5350591.01,0591.01 (5350591.01)   00000 (  2.9%),5445,2620,2825
5350591.02,0591.02 (5350591.02)   00000 (  1.8%),5025,2440,2590
5350592.01,0592.01 (5350592.01)   00000 (  2.7%),6875,3260,3610
5350592.02,0592.02 (5350592.02)   00000 (  3.4%),6590,3230,3360
5350593.00,0593.00 (5350593.00)   00000 (  3.2%),8610,4320,4285
5350600.01,0600.01 (5350600.01)   00000 (  1.3%),6300,3135,3165
5350600.02,0600.02 (5350600.02)   00000 (  1.5%),7020,3455,3555
5350601.00,0601.00 (5350601.00)   00000 (  2.2%),4115,2010,2105
5350602.00,0602.00 (5350602.00)   00000 (  5.1%),4895,2315,2585
5350603.00,0603.00 (5350603.00)   00000 (  4.5%),4995,2290,2705
5350604.00,0604.00 (5350604.00)   00000 (  6.4%),2345,1030,1310
5350605.00,0605.00 (5350605.00)   00000 (  5.9%),2535,1170,1365
5350606.00,0606.00 (5350606.00)   00000 (  2.8%),5090,2390,2700
5350607.00,0607.00 (5350607.00)   00000 (  2.3%),2980,1470,1515
5350608.00,0608.00 (5350608.00)   00000 (  4.9%),2675,1310,1365
5350609.00,0609.00 (5350609.00)   00000 (  2.1%),2805,1375,1430
5350610.02,0610.02 (5350610.02)   00000 (  1.7%),8875,4340,4535
5350610.03,0610.03 (5350610.03)   00000 (  3.5%),4535,2065,2465
5350610.04,0610.04 (5350610.04)   00000 (  5.4%),3245,1465,1775
5350611.00,0611.00 (5350611.00)   00000 (  2.0%),4990,2510,2485
5350612.01,0612.01 (5350612.01)   00900 (  5.4%),70,30,35
5350612.03,0612.03 (5350612.03)   00000 (  1.6%),6250,3020,3230
5350612.05,0612.05 (5350612.05)   00000 (  2.9%),5875,2785,3090
5350612.08,0612.08 (5350612.08)   00000 (  3.6%),5560,2650,2910
5350612.10,0612.10 (5350612.10)   01900 ( 16.9%),50,35,15
5350612.11,0612.11 (5350612.11)   00000 (  1.6%),5810,2880,2930
5350612.12,0612.12 (5350612.12)   00000 (  1.7%),6845,3370,3480
5350612.13,0612.13 (5350612.13)   00000 (  1.9%),3810,1845,1965
5350612.14,0612.14 (5350612.14)   00000 (  2.7%),4260,2100,2165
5350612.15,0612.15 (5350612.15)   00000 (  1.7%),7110,3440,3675
5350612.18,0612.18 (5350612.18)   00000 (  1.2%),4380,2160,2215
5350612.19,0612.19 (5350612.19)   00000 (  1.7%),4065,1955,2110
5350612.20,0612.20 (5350612.20)   00000 (  1.4%),4405,2160,2240
5350612.21,0612.21 (5350612.21)   00000 (  1.4%),6695,3235,3465
5350612.22,0612.22 (5350612.22)   00000 (  1.6%),7325,3570,3750
5350612.23,0612.23 (5350612.23)   00000 (  3.6%),4820,2325,2495
5350612.24,0612.24 (5350612.24)   00000 (  1.5%),7980,3880,4100
5350612.25,0612.25 (5350612.25)   00000 (  1.2%),5475,2725,2750
5350612.26,0612.26 (5350612.26)   00000 (  7.3%),4140,1865,2275
5350612.27,0612.27 (5350612.27)   00000 (  3.4%),5320,2610,2710
5350613.01,0613.01 (5350613.01)   00000 (  2.1%),4135,2035,2095
5350613.03,0613.03 (5350613.03)   00000 (  3.9%),4075,1950,2125
5350613.04,0613.04 (5350613.04)   00100 (  5.2%),4480,2065,2410
5350614.01,0614.01 (5350614.01)   00000 (  1.8%),3135,1545,1595
5350614.02,0614.02 (5350614.02)   00000 (  1.9%),3940,1910,2030
5350615.00,0615.00 (5350615.00)   00000 (  2.2%),6430,3170,3260
5350620.01,0620.01 (5350620.01)   00000 (  2.0%),9195,4540,4655
5350620.05,0620.05 (5350620.05)   00000 (  1.3%),4590,2275,2310
5350620.06,0620.06 (5350620.06)   00000 (  1.7%),6805,3250,3545
5350620.07,0620.07 (5350620.07)   00000 (  0.8%),5445,2750,2695
5350620.08,0620.08 (5350620.08)   00000 (  2.0%),7925,3925,3995
5350620.09,0620.09 (5350620.09)   00000 (  1.9%),5280,2595,2685
5350620.10,0620.10 (5350620.10)   00000 (  1.6%),11960,5985,5975
5350620.11,0620.11 (5350620.11)   00000 (  1.8%),11685,5790,5895
5350620.12,0620.12 (5350620.12)   00000 (  2.3%),17655,8765,8880
5350620.13,0620.13 (5350620.13)   00000 (  3.7%),2370,1240,1130
5350621.00,0621.00 (5350621.00)   00000 (  3.7%),5580,2615,2965
5350622.00,0622.00 (5350622.00)   00000 (  2.7%),6040,2985,3050
5350623.00,0623.00 (5350623.00)   00000 (  4.8%),3605,1680,1920
5350624.00,0624.00 (5350624.00)   00000 (  2.1%),5280,2585,2690
5350625.00,0625.00 (5350625.00)   03100 ( 33.3%),880,565,315
5350626.00,0626.00 (5350626.00)   00000 (  2.2%),5840,2955,2885
5350630.00,0630.00 (5350630.00)   00000 (  4.3%),3315,1730,1590
5350631.02,0631.02 (5350631.02)   00000 (  1.1%),4900,2435,2465
5350631.03,0631.03 (5350631.03)   00000 (  1.2%),4825,2360,2465
5350631.04,0631.04 (5350631.04)   00000 (  1.1%),5440,2650,2790
5350632.00,0632.00 (5350632.00)   00000 (  2.3%),4355,2090,2265
5350633.00,0633.00 (5350633.00)   00000 (  5.3%),3380,1580,1800
5350634.01,0634.01 (5350634.01)   00000 (  1.6%),4435,2175,2260
5350634.02,0634.02 (5350634.02)   00000 (  1.9%),3670,1800,1865
5350635.00,0635.00 (5350635.00)   00000 (  3.2%),6065,2920,3145
5350636.00,0636.00 (5350636.00)   00000 (  2.1%),3060,1520,1545
5350637.00,0637.00 (5350637.00)   00000 (  5.5%),7260,3795,3465
5350638.00,0638.00 (5350638.00)   00000 (  2.6%),6010,2930,3085
5350639.00,0639.00 (5350639.00)   00000 (  1.7%),4450,2245,2205
5350800.01,0800.01 (5350800.01)   00000 (  2.9%),3105,1440,1660
5350800.02,0800.02 (5350800.02)   00000 (  5.0%),4535,2180,2355
5350801.01,0801.01 (5350801.01)   00000 (  2.4%),3515,1700,1815
5350801.02,0801.02 (5350801.02)   00000 (  2.1%),5880,2880,3000
5350802.01,0802.01 (5350802.01)   00000 (  2.0%),3830,1905,1925
5350802.02,0802.02 (5350802.02)   00000 (  3.9%),5675,2750,2925
5350803.03,0803.03 (5350803.03)   00000 (  2.6%),5385,2680,2695
5350803.04,0803.04 (5350803.04)   00000 (  2.5%),5920,2915,3010
5350803.05,0803.05 (5350803.05)   00000 (  2.1%),6835,3365,3465
5350803.06,0803.06 (5350803.06)   00000 (  1.5%),5560,2735,2830
5350804.01,0804.01 (5350804.01)   00000 (  2.0%),7245,3525,3715
5350804.05,0804.05 (5350804.05)   00000 (  1.5%),6785,3350,3435
5350804.06,0804.06 (5350804.06)   00000 (  1.4%),3040,1480,1560
5350804.07,0804.07 (5350804.07)   00100 (  7.8%),4150,1870,2285
5350804.08,0804.08 (5350804.08)   00000 (  1.7%),3660,1810,1850
5350804.10,0804.10 (5350804.10)   00000 (  3.0%),4955,2215,2740
5350804.11,0804.11 (5350804.11)   00000 (  5.0%),5535,2565,2965
5350804.12,0804.12 (5350804.12)   00000 (  2.5%),6695,3270,3425
5350804.13,0804.13 (5350804.13)   00000 (  2.3%),5010,2505,2505
5350805.04,0805.04 (5350805.04)   00000 (  1.8%),7230,3605,3625
5350805.06,0805.06 (5350805.06)   00000 (  3.5%),6030,2830,3200
5350805.09,0805.09 (5350805.09)   00000 (  2.1%),5670,2750,2915
5350805.10,0805.10 (5350805.10)   00000 (  2.1%),6450,3185,3275
5350805.12,0805.12 (5350805.12)   00000 (  2.9%),8670,4120,4555
5350805.14,0805.14 (5350805.14)   00000 (  1.7%),8725,4305,4420
5350805.15,0805.15 (5350805.15)   00000 (  2.4%),9415,4600,4815
5350805.16,0805.16 (5350805.16)   00000 (  1.6%),7355,3590,3765
5350805.17,0805.17 (5350805.17)   00000 (  1.6%),5635,2725,2910
5350805.18,0805.18 (5350805.18)   00000 (  2.2%),3050,1490,1555
5350805.19,0805.19 (5350805.19)   00000 (  2.5%),1855,875,975
5350805.20,0805.20 (5350805.20)   00000 (  1.9%),4735,2295,2435
5350805.21,0805.21 (5350805.21)   00000 (  2.4%),1680,815,865
5350806.00,0806.00 (5350806.00)   00000 (  2.5%),1555,800,755
5350807.00,0807.00 (5350807.00)   00000 (  2.9%),2405,1245,1160
5350810.01,0810.01 (5350810.01)   00000 (  3.5%),3890,1825,2065
5350810.02,0810.02 (5350810.02)   00000 (  2.8%),2405,1130,1275
5350810.03,0810.03 (5350810.03)   00000 (  2.3%),3090,1445,1655
5350810.04,0810.04 (5350810.04)   00000 (  2.4%),5475,2595,2885
5350810.05,0810.05 (5350810.05)   00000 (  2.4%),3605,1765,1835
5350811.00,0811.00 (5350811.00)   00000 (  4.8%),3750,1735,2010
5350812.00,0812.00 (5350812.00)   00000 (  2.0%),6160,3005,3155
5350820.03,0820.03 (5350820.03)   00000 (  2.5%),3885,1875,2015
5350820.04,0820.04 (5350820.04)   00000 (  2.0%),2765,1355,1410
5350820.05,0820.05 (5350820.05)   00000 (  2.0%),2230,1075,1155
5350820.06,0820.06 (5350820.06)   00000 (  2.7%),1930,930,1000
5350820.07,0820.07 (5350820.07)   00000 (  2.4%),4005,1950,2050
5350830.00,0830.00 (5350830.00)   00000 (  2.5%),4595,2355,2245
5350831.01,0831.01 (5350831.01)   00000 (  2.8%),5750,2790,2960
5350831.02,0831.02 (5350831.02)   00000 (  4.1%),6780,3235,3550
5350832.00,0832.00 (5350832.00)   00000 (  2.9%),4050,2040,2005
